ticker,year,month,illiq_avg,monthly_ret,vol,hmi_lag1,dgs10,vix,debt_to_assets,asset_growth,log_assets,log_illiq,treatment
AMT,2000,8,5.835919041903141e-10,-0.15160225202123812,24476593.0,59,5.826086956521739,18.08869569197945,0.48886414509637444,0.8751011141269602,8.641299128666354,-21.261819171565456,0
AMT,2000,9,6.885936519591722e-10,0.036081538491695264,26053994.0,60,5.799,19.6875,0.48886414509637444,0.8751011141269602,8.641299128666354,-21.09636978383053,0
AMT,2000,10,9.503009928155354e-10,0.08623560929275231,23312092.0,60,5.738571428571428,25.200000069358133,0.48886414509637444,0.8751011141269602,8.641299128666354,-20.77424234697276,0
AMT,2000,11,1.655283283797864e-09,-0.2641229035786262,15370897.0,62,5.717142857142857,26.382857095627557,0.48886414509637444,0.8751011141269602,8.641299128666354,-20.21929367430711,0
AMT,2000,12,1.370950622903995e-09,0.2572629970060911,15175100.0,63,5.2405,26.530499839782713,0.48886414509637444,0.8751011141269602,8.641299128666354,-20.407761452402116,0
AMT,2001,1,6.503603933545023e-10,-0.04422417830290548,35911900.0,57,5.160952380952381,24.91857147216797,0.5778550608860711,0.20652010121047315,8.829039395373444,-21.153494455375583,0
AMT,2001,2,1.0827502354339285e-09,-0.20055138758351054,16958300.0,52,5.098947368421053,23.411579132080078,0.5778550608860711,0.20652010121047315,8.829039395373444,-20.643761518393127,0
AMT,2001,3,9.640506564692937e-10,-0.360744852676414,37573100.0,58,4.885454545454546,28.496818369085137,0.5778550608860711,0.20652010121047315,8.829039395373444,-20.75987727449395,0
AMT,2001,4,1.6820584563548194e-09,0.44864745750650026,36349400.0,60,5.141,28.13399991989136,0.5778550608860711,0.20652010121047315,8.829039395373444,-20.203247521924165,0
AMT,2001,5,1.2398029564996433e-09,-0.07686546615596623,20311500.0,59,5.391363636363637,22.944090929898348,0.5778550608860711,0.20652010121047315,8.829039395373444,-20.508313376005045,0
AMT,2001,6,1.3457539821390866e-09,-0.16451161634619504,23304200.0,58,5.284285714285714,20.94047619047619,0.5778550608860711,0.20652010121047315,8.829039395373444,-20.42631139944368,0
AMT,2001,7,1.5076092583229928e-09,-0.17997163047529607,21628900.0,59,5.236190476190477,22.31619053795224,0.5778550608860711,0.20652010121047315,8.829039395373444,-20.312740713454005,0
AMT,2001,8,1.5119231591059696e-09,-0.14631457138886483,31944800.0,57,4.971304347826087,21.86173903423807,0.5778550608860711,0.20652010121047315,8.829039395373444,-20.309883381177595,0
AMT,2001,9,1.6108709159527012e-09,-0.04008185879480841,36833600.0,59,4.731764705882353,35.065333429972334,0.5778550608860711,0.20652010121047315,8.829039395373444,-20.246490862620668,0
AMT,2001,10,1.4421146129595058e-09,-0.2066246242902533,39853300.0,55,4.566818181818181,32.721304603244945,0.5778550608860711,0.20652010121047315,8.829039395373444,-20.35715531930077,0
AMT,2001,11,1.8207585931875274e-09,-0.20145224552706342,96115400.0,46,4.6515,26.63095238095238,0.5778550608860711,0.20652010121047315,8.829039395373444,-20.124012613254937,0
AMT,2001,12,2.151428407941106e-09,0.07613603395778923,49628500.0,48,5.0875,23.720000076293946,0.5778550608860711,0.20652010121047315,8.829039395373444,-19.95713383962017,0
AMT,2002,1,2.0931152046884668e-09,-0.4551199475620734,90166800.0,55,5.035714285714286,22.252857208251953,0.6898927855465443,-0.17094690370312227,8.641568318084596,-19.984612352145717,0
AMT,2002,2,7.55558928556932e-09,-0.06201476368606018,42038600.0,58,4.911578947368421,22.875789843107526,0.6898927855465443,-0.17094690370312227,8.641568318084596,-18.70097824484996,0
AMT,2002,3,3.424554175160262e-09,0.1363643128427825,45670600.0,58,5.284000000000001,18.98499994277954,0.6898927855465443,-0.17094690370312227,8.641568318084596,-19.49229454154121,0
AMT,2002,4,7.21139626877781e-09,-0.09272674757629307,34402700.0,62,5.210909090909091,19.900454607876863,0.6898927855465443,-0.17094690370312227,8.641568318084596,-18.74760324714796,0
AMT,2002,5,6.033848020912078e-09,-0.23847617428797574,33195500.0,61,5.164545454545455,20.08772711320357,0.6898927855465443,-0.17094690370312227,8.641568318084596,-18.92588088364771,0
AMT,2002,6,9.244255439033366e-09,-0.09210331326681753,35116500.0,61,4.9265,25.270999908447266,0.6898927855465443,-0.17094690370312227,8.641568318084596,-18.499263511961345,0
AMT,2002,7,2.1025196390090076e-08,-0.3507248164802006,29514000.0,61,4.653181818181818,34.049544941295274,0.6898927855465443,-0.17094690370312227,8.641568318084596,-17.67754429034196,0
AMT,2002,8,2.1084754294756048e-08,0.09821501773974006,37374100.0,61,4.257272727272727,33.742727366360754,0.6898927855465443,-0.17094690370312227,8.641568318084596,-17.67471560289826,0
AMT,2002,9,2.6487986642275624e-08,-0.3536589827531267,13378500.0,55,3.87,37.6475004196167,0.6898927855465443,-0.17094690370312227,8.641568318084596,-17.446574540995023,0
AMT,2002,10,5.438331273798247e-08,-0.11320899847635635,56374000.0,63,3.940909090909091,35.243043484895125,0.6898927855465443,-0.17094690370312227,8.641568318084596,-16.727208481282297,0
AMT,2002,11,2.615505301083911e-08,1.758862374815207,50563500.0,61,4.048421052631579,28.174999713897705,0.6898927855465443,-0.17094690370312227,8.641568318084596,-17.459223433330283,0
AMT,2002,12,1.3869957186151933e-08,-0.09254718085772207,25795800.0,62,4.032380952380952,28.21047628493536,0.6898927855465443,-0.17094690370312227,8.641568318084596,-18.093540689419537,0
AMT,2003,1,7.4229479596553026e-09,0.4390970329422508,42039500.0,63,4.048571428571428,27.424285707019624,0.6921407069900999,-0.0656191591859211,8.573697146700452,-18.71868955952461,0
AMT,2003,2,3.728075715661507e-09,-0.07676901438788997,25074400.0,62,3.9026315789473687,32.218421032554225,0.6921407069900999,-0.0656191591859211,8.573697146700452,-19.407373630334273,0
AMT,2003,3,3.577491217469093e-09,0.17697299381703324,30023800.0,63,3.8071428571428574,30.634285699753534,0.6921407069900999,-0.0656191591859211,8.573697146700452,-19.44860405943622,0
AMT,2003,4,2.6292264462142038e-09,0.20289833957171632,34142300.0,56,3.958571428571428,23.991904758271716,0.6921407069900999,-0.0656191591859211,8.573697146700452,-19.756576160935293,0
AMT,2003,5,2.7383176106800827e-09,0.3493970728131883,43563000.0,55,3.5690476190476192,20.23952375139509,0.6921407069900999,-0.0656191591859211,8.573697146700452,-19.7159221158289,0
AMT,2003,6,2.6326820469147097e-09,-0.012275351914095567,32043800.0,60,3.334285714285714,20.362380799793062,0.6921407069900999,-0.0656191591859211,8.573697146700452,-19.755262720687597,0
AMT,2003,7,1.6666649851796439e-09,0.028249075607618135,46491800.0,63,3.975454545454546,19.16136360168457,0.6921407069900999,-0.0656191591859211,8.573697146700452,-20.212441222073142,0
AMT,2003,8,1.0531794471897164e-09,0.2505485134035821,33278300.0,65,4.4452380952380945,19.27428572518485,0.6921407069900999,-0.0656191591859211,8.573697146700452,-20.671452203128673,0
AMT,2003,9,9.095957657899982e-10,-0.10808544083588412,33948300.0,67,4.274285714285715,19.53238096691313,0.6921407069900999,-0.0656191591859211,8.573697146700452,-20.818020828527246,0
AMT,2003,10,9.382899394760165e-10,0.14285545863419613,45352900.0,67,4.290454545454545,18.0234783006751,0.6921407069900999,-0.0656191591859211,8.573697146700452,-20.786962110766105,0
AMT,2003,11,1.73250553071905e-09,-0.018965045778066236,26456013.0,69,4.300000000000001,17.401052575362357,0.6921407069900999,-0.0656191591859211,8.573697146700452,-20.173697192535357,0
AMT,2003,12,1.383964249391321e-09,-0.049207828959050515,29639400.0,68,4.267727272727273,16.826363650235262,0.6921407069900999,-0.0656191591859211,8.573697146700452,-20.39831381144922,0
AMT,2004,1,5.012935420487937e-10,0.01571167065634449,72050300.0,69,4.1505,16.100999975204466,0.7095866827422566,-0.03868746661565858,8.53424144065822,-21.41382927415022,0
AMT,2004,2,7.837045871964952e-10,0.005460714802912658,48560900.0,68,4.084210526315789,15.998421167072497,0.7095866827422566,-0.03868746661565858,8.53424144065822,-20.966988968631156,0
AMT,2004,3,1.1005984673242162e-09,0.02715029051699025,45044700.0,66,3.826521739130435,17.687391198199727,0.7095866827422566,-0.03868746661565858,8.53424144065822,-20.62741174388589,0
AMT,2004,4,5.472681933860001e-10,0.09691791271267447,57145300.0,66,4.347619047619047,15.6985715230306,0.7095866827422566,-0.03868746661565858,8.53424144065822,-21.326082134969,0
AMT,2004,5,8.256867886025796e-10,0.11084202816460409,31241700.0,69,4.7155000000000005,17.704999876022338,0.7095866827422566,-0.03868746661565858,8.53424144065822,-20.914805604872264,0
AMT,2004,6,6.197645968960429e-10,0.09906248052944888,38533000.0,69,4.733809523809524,15.35714290255592,0.7095866827422566,-0.03868746661565858,8.53424144065822,-21.20168139241277,0
AMT,2004,7,7.294208751982908e-10,-0.04868393073474908,29767200.0,68,4.498095238095239,15.502380916050502,0.7095866827422566,-0.03868746661565858,8.53424144065822,-21.038770218278433,0
AMT,2004,8,7.281500769434863e-10,0.02973600526711584,52925200.0,67,4.281363636363636,16.684090744365346,0.7095866827422566,-0.03868746661565858,8.53424144065822,-21.040513939330136,0
AMT,2004,9,3.9300675251413226e-10,0.0308955377589184,32485300.0,70,4.1257142857142854,14.08095241728283,0.7095866827422566,-0.03868746661565858,8.53424144065822,-21.657194322237093,0
AMT,2004,10,3.5916328568714166e-10,0.119869393921888,42230000.0,67,4.0969999999999995,14.973809560139975,0.7095866827422566,-0.03868746661565858,8.53424144065822,-21.74724399606313,0
AMT,2004,11,5.21421848317301e-10,0.05468426522897052,39171700.0,69,4.194,13.577142897106352,0.7095866827422566,-0.03868746661565858,8.53424144065822,-21.3744617121285,0
AMT,2004,12,3.361367804414593e-10,0.014892603874436361,44710200.0,70,4.2309090909090905,12.459545438939875,0.7095866827422566,-0.03868746661565858,8.53424144065822,-21.813502954154618,0
AMT,2005,1,3.678126775657333e-10,-0.015217173835847975,32374000.0,71,4.221500000000001,13.43799991607666,0.4819971971766004,0.727664643061346,9.081012019903156,-21.723447335712518,0
AMT,2005,2,3.832120030814505e-10,0.011589974848832396,36074400.0,70,4.165263157894737,11.708947482861971,0.4819971971766004,0.727664643061346,9.081012019903156,-21.68243274704096,0
AMT,2005,3,3.5040414173110455e-10,-0.00545409379969064,37476600.0,69,4.497727272727273,13.126363667574795,0.4819971971766004,0.727664643061346,9.081012019903156,-21.771933936927308,0
AMT,2005,4,3.184191622112124e-10,-0.05485336283565412,38299300.0,70,4.3409523809523805,14.459047589983259,0.4819971971766004,0.727664643061346,9.081012019903156,-21.867652480945075,0
AMT,2005,5,1.7916859622611636e-10,0.0470106626579585,97829400.0,67,4.144285714285714,13.967618987673806,0.4819971971766004,0.727664643061346,9.081012019903156,-22.442693875018694,0
AMT,2005,6,1.730504499511917e-10,0.16519260480431774,81807500.0,70,3.998181818181818,11.868636348030783,0.4819971971766004,0.727664643061346,9.081012019903156,-22.477437945728116,0
AMT,2005,7,1.7845628899220532e-10,0.09324292834207237,59693500.0,72,4.1775,11.049000024795532,0.4819971971766004,0.727664643061346,9.081012019903156,-22.446677424292247,0
AMT,2005,8,1.533643424571974e-10,0.03742499789496878,70780000.0,70,4.262608695652174,12.951304394265879,0.4819971971766004,0.727664643061346,9.081012019903156,-22.598204702143434,0
AMT,2005,9,1.4594703113766022e-10,0.046561255760835474,70714700.0,67,4.199047619047619,12.628095263526554,0.4819971971766004,0.727664643061346,9.081012019903156,-22.647777360475192,0
AMT,2005,10,2.1647482728164459e-10,-0.04408890567514023,55285900.0,65,4.4635,14.937618982224237,0.4819971971766004,0.727664643061346,9.081012019903156,-22.25354684646245,0
AMT,2005,11,1.1405858698094534e-10,0.1442347003439577,87413300.0,68,4.535,12.147619111197335,0.4819971971766004,0.727664643061346,9.081012019903156,-22.894308878660677,0
AMT,2005,12,1.013332938394721e-10,-0.006963417116956694,55176900.0,61,4.467142857142857,11.260000001816522,0.4819971971766004,0.727664643061346,9.081012019903156,-23.012606092932565,0
AMT,2006,1,1.6632196406525687e-10,0.14169716814472388,60062000.0,57,4.416,12.03600001335144,0.4904916501020119,-0.019760769895573627,9.06105339514652,-22.51709566349435,0
AMT,2006,2,1.6614998550827235e-10,0.02876369868981099,50713200.0,57,4.568947368421052,12.47105262154027,0.4904916501020119,-0.019760769895573627,9.06105339514652,-22.518130208348698,0
AMT,2006,3,1.0077831272889975e-10,-0.04744023498601635,70593200.0,56,4.7239130434782615,11.693913003672725,0.4904916501020119,-0.019760769895573627,9.06105339514652,-23.018097934938694,0
AMT,2006,4,1.5956716477022045e-10,0.12599056573500267,61095300.0,54,4.990526315789474,11.847368441129985,0.4904916501020119,-0.019760769895573627,9.06105339514652,-22.558556186601518,0
AMT,2006,5,1.1573652902271325e-10,-0.09285477234457751,129400100.0,51,5.11,14.454545411196621,0.4904916501020119,-0.019760769895573627,9.06105339514652,-22.879704809668237,0
AMT,2006,6,2.172576887729436e-10,0.0048430945418473925,64500500.0,46,5.106363636363636,16.91863627867265,0.4904916501020119,-0.019760769895573627,9.06105339514652,-22.249936961049382,0
AMT,2006,7,2.5328861140076416e-10,0.08611757724559421,49189000.0,42,5.0875,15.325999879837036,0.4904916501020119,-0.019760769895573627,9.06105339514652,-22.096491520844584,0
AMT,2006,8,9.749205529372618e-11,0.06094516296875496,51525700.0,39,4.8765217391304345,13.351739137069039,0.4904916501020119,-0.019760769895573627,9.06105339514652,-23.05125022541167,0
AMT,2006,9,1.0584240934630364e-10,0.017847651880272597,42280300.0,33,4.718999999999999,12.184499979019165,0.4904916501020119,-0.019760769895573627,9.06105339514652,-22.969069832338015,0
AMT,2006,10,1.3112554642315406e-10,-0.013149407598899265,51824500.0,30,4.729047619047619,11.306363625959916,0.4904916501020119,-0.019760769895573627,9.06105339514652,-22.754865882027985,0
AMT,2006,11,1.1296306992803197e-10,0.05135839282997612,56729300.0,31,4.595238095238095,10.817619051252093,0.4904916501020119,-0.019760769895573627,9.06105339514652,-22.90396016542798,0
AMT,2006,12,1.024589136187163e-10,-0.015578855019312665,49835500.0,33,4.5645,10.964500045776367,0.4904916501020119,-0.019760769895573627,9.06105339514652,-23.001559240453243,0
AMT,2007,1,6.741670767062415e-11,0.06840261626536859,57657000.0,33,4.7595238095238095,11.042500066757203,0.6278888136300333,-0.05604896380783986,9.003372412524161,-23.42012824044132,0
AMT,2007,2,5.808465892507984e-11,-0.027870264673524714,53696167.0,35,4.722631578947369,11.155263097662674,0.6278888136300333,-0.05604896380783986,9.003372412524161,-23.56911953297691,0
AMT,2007,3,1.0714554283874359e-10,0.005940072836293719,55675593.0,39,4.5645454545454545,15.162727269259365,0.6278888136300333,-0.05604896380783986,9.003372412524161,-22.956832992272723,0
AMT,2007,4,6.496561381132147e-11,-0.024393427314577165,37264480.0,36,4.6938095238095245,12.93299994468689,0.6278888136300333,-0.05604896380783986,9.003372412524161,-23.45716300429982,0
AMT,2007,5,8.824365574287055e-11,0.13631769020631346,70712691.0,33,4.746363636363636,13.297727324745871,0.6278888136300333,-0.05604896380783986,9.003372412524161,-23.150919312298523,0
AMT,2007,6,9.656577022697531e-11,-0.027325354936170165,49676266.0,30,5.102857142857142,14.947618938627697,0.6278888136300333,-0.05604896380783986,9.003372412524161,-23.060796782981715,0
AMT,2007,7,1.3066908348761242e-10,-0.00809444266883752,59057927.0,28,5.0042857142857144,17.273333277021134,0.6278888136300333,-0.05604896380783986,9.003372412524161,-22.75835306889858,0
AMT,2007,8,1.4732184180856818e-10,-0.04896615142485716,90183220.0,24,4.674782608695652,25.026086724322774,0.6278888136300333,-0.05604896380783986,9.003372412524161,-22.63840152233529,0
AMT,2007,9,1.5346783242989068e-10,0.09893775181764397,45323264.0,22,4.521578947368421,22.19894740456029,0.6278888136300333,-0.05604896380783986,9.003372412524161,-22.597530131579536,0
AMT,2007,10,1.3756784845672785e-10,0.014697035517700296,55309000.0,20,4.527727272727272,19.115652084350586,0.6278888136300333,-0.05604896380783986,9.003372412524161,-22.706903877203388,0
AMT,2007,11,7.849688552473248e-11,0.030783614312881014,159692657.0,19,4.1485,25.582380930582683,0.6278888136300333,-0.05604896380783986,9.003372412524161,-23.267962166771426,0
AMT,2007,12,1.0837659653706869e-10,-0.0645574379698568,64915300.0,19,4.0975,21.651000022888184,0.6278888136300333,-0.05604896380783986,9.003372412524161,-22.9454089493371,0
AMT,2008,1,1.3078082250415418e-10,-0.12136308180160571,118329800.0,18,3.744285714285714,25.816190719604492,0.6353383875255504,0.009988122438874036,9.01331098334667,-22.757498304595483,0
AMT,2008,2,1.3209462005097794e-10,0.026983195254768777,69893200.0,19,3.7375,25.456000137329102,0.6353383875255504,0.009988122438874036,9.01331098334667,-22.747502631565883,0
AMT,2008,3,1.1123726585557187e-10,0.020033054477892387,81295200.0,20,3.5100000000000002,27.103500080108642,0.6353383875255504,0.009988122438874036,9.01331098334667,-22.919355665653306,0
AMT,2008,4,9.798696109269316e-11,0.10736943690932876,73845900.0,20,3.675,21.562727321277965,0.6353383875255504,0.009988122438874036,9.01331098334667,-23.04618669618448,0
AMT,2008,5,7.550454456807704e-11,0.05297105095250232,67235100.0,20,3.8800000000000003,18.303333009992325,0.6353383875255504,0.009988122438874036,9.01331098334667,-23.30682826853043,0
AMT,2008,6,9.324614708758641e-11,-0.07589686192211897,87105400.0,19,4.099523809523809,22.11047617594401,0.6353383875255504,0.009988122438874036,9.01331098334667,-23.095778376353827,0
AMT,2008,7,8.460877566908931e-11,-0.008283541984892784,109818500.0,18,4.007727272727273,24.32136362249201,0.6353383875255504,0.009988122438874036,9.01331098334667,-23.19298312338298,0
AMT,2008,8,1.3745730193067414e-10,-0.01360405556364741,60114500.0,16,3.8857142857142852,20.695714133126394,0.6353383875255504,0.009988122438874036,9.01331098334667,-22.707707778460065,0
AMT,2008,9,1.6878118666060043e-10,-0.12969041934137515,122113200.0,16,3.6861904761904762,30.238571348644438,0.6353383875255504,0.009988122438874036,9.01331098334667,-22.50241799341055,0
AMT,2008,10,2.388381913177205e-10,-0.1017502168290556,171988900.0,17,3.814090909090909,61.1773912181025,0.6353383875255504,0.009988122438874036,9.01331098334667,-22.155234817056353,0
AMT,2008,11,3.169653444958727e-10,-0.15691905690477603,106675800.0,14,3.526666666666667,62.639473362972865,0.6353383875255504,0.009988122438874036,9.01331098334667,-21.87222867138437,0
AMT,2008,12,2.9990529780746944e-10,0.07635996223979036,85924700.0,9,2.4163636363636365,52.405000166459516,0.6353383875255504,0.009988122438874036,9.01331098334667,-21.927554365082965,0
AMT,2009,1,1.7635026231888503e-10,0.034789593762295956,84644000.0,9,2.5175,44.68300018310547,0.610213272736585,0.03665553818866196,9.04931068594584,-22.45854897175746,0
AMT,2009,2,1.5983343907282478e-10,-0.040213612861108916,82805400.0,8,2.87,45.57052592227333,0.610213272736585,0.03665553818866196,9.04931068594584,-22.556888848712436,0
AMT,2009,3,1.6834702603209145e-10,0.04498727145468373,96465000.0,9,2.819545454545455,44.7954548922452,0.610213272736585,0.03665553818866196,9.04931068594584,-22.50499363586454,0
AMT,2009,4,2.0436444115744848e-10,0.04370795896946156,81086000.0,9,2.927142857142857,38.063809349423366,0.610213272736585,0.03665553818866196,9.04931068594584,-22.31111623967308,0
AMT,2009,5,1.646516490553982e-10,0.003461588702534657,90731800.0,14,3.293,31.97799997329712,0.610213272736585,0.03665553818866196,9.04931068594584,-22.527189091636146,0
AMT,2009,6,1.3247045170008836e-10,-0.010666111096935826,82752300.0,16,3.7218181818181817,29.140454725785688,0.610213272736585,0.03665553818866196,9.04931068594584,-22.744661501408885,0
AMT,2009,7,1.1727541535130043e-10,0.08118975506751114,72308800.0,15,3.5622727272727275,26.16272735595703,0.610213272736585,0.03665553818866196,9.04931068594584,-22.86649597003366,0
AMT,2009,8,1.1856448660182618e-10,-0.07157426455982163,63896500.0,17,3.587142857142857,25.33714285350981,0.610213272736585,0.03665553818866196,9.04931068594584,-22.85556411263873,0
AMT,2009,9,1.0081704196924533e-10,0.15007865327030334,88654100.0,18,3.401904761904762,24.926666713896253,0.610213272736585,0.03665553818866196,9.04931068594584,-23.01771370742631,0
AMT,2009,10,1.2908293647113043e-10,0.011536440129256809,80679200.0,19,3.3876190476190478,24.252272865988992,0.610213272736585,0.03665553818866196,9.04931068594584,-22.770565999769502,0
AMT,2009,11,1.0344868788680157e-10,0.11135125855925976,49487400.0,17,3.4026315789473687,23.783499908447265,0.610213272736585,0.03665553818866196,9.04931068594584,-22.991945395366958,0
AMT,2009,12,9.40981915683944e-11,0.05596531938874616,56597700.0,17,3.5900000000000003,21.239545475352894,0.610213272736585,0.03665553818866196,9.04931068594584,-23.086682287711106,0
AMT,2010,1,7.531998128501028e-11,-0.017587368278224047,60702300.0,16,3.7331578947368427,20.643157758210833,0.6619836740189587,0.21795117582407775,9.246480768899787,-23.309275660612673,0
AMT,2010,2,7.896258605705759e-11,0.004947480538616933,70147800.0,15,3.691052631578947,22.540000012046413,0.6619836740189587,0.21795117582407775,9.246480768899787,-23.26204696985715,0
AMT,2010,3,5.03217013855867e-11,-0.001173290196834209,90714200.0,17,3.7273913043478264,17.767391287762187,0.6619836740189587,0.21795117582407775,9.246480768899787,-23.712584692788663,0
AMT,2010,4,5.72906679629955e-11,-0.042240664358211055,82833400.0,15,3.8468181818181817,17.42428566160656,0.6619836740189587,0.21795117582407775,9.246480768899787,-23.582883368246385,0
AMT,2010,5,8.741069694544442e-11,-0.006861059819471271,94481500.0,19,3.4200000000000004,31.929500007629393,0.6619836740189587,0.21795117582407775,9.246480768899787,-23.160403450076046,0
AMT,2010,6,8.418322631780476e-11,0.09795167709247021,98443400.0,22,3.2040909090909087,29.91636371612549,0.6619836740189587,0.21795117582407775,9.246480768899787,-23.198025426903303,0
AMT,2010,7,7.53570938810597e-11,0.03909923189876863,83562100.0,16,3.0114285714285716,25.565237862723215,0.6619836740189587,0.21795117582407775,9.246480768899787,-23.308783049553437,0
AMT,2010,8,6.838810016028087e-11,0.013408339101454114,67234600.0,14,2.6986363636363637,24.745908997275613,0.6619836740189587,0.21795117582407775,9.246480768899787,-23.40582228070022,0
AMT,2010,9,5.4747058700600284e-11,0.09389600555723732,62698000.0,13,2.6476190476190475,22.51761899675642,0.6619836740189587,0.21795117582407775,9.246480768899787,-23.6282974710385,0
AMT,2010,10,6.760401552263768e-11,0.006827279940590403,57442600.0,13,2.54,20.3733332497733,0.6619836740189587,0.21795117582407775,9.246480768899787,-23.41735373342136,0
AMT,2010,11,7.688558227776427e-11,-0.020149678640001167,56337700.0,15,2.763,20.095714387439546,0.6619836740189587,0.21795117582407775,9.246480768899787,-23.28870274362982,0
AMT,2010,12,6.56815848619206e-11,0.021156967909473634,48718100.0,16,3.290909090909091,17.569545529105447,0.6619836740189587,0.21795117582407775,9.246480768899787,-23.4462025210219,0
AMT,2011,1,4.688269530942632e-11,-0.015105808703353096,60479900.0,16,3.3939999999999997,17.31549987792969,0.7212212127925522,0.1798238312564009,9.411845900686247,-23.78337247851074,0
AMT,2011,2,7.984977221795397e-11,0.06095173465492665,54807800.0,16,3.5763157894736843,17.4299999036287,0.7212212127925522,0.1798238312564009,9.411845900686247,-23.250874093895842,0
AMT,2011,3,6.505037207494173e-11,-0.039660338691460684,108271400.0,16,3.4143478260869564,20.72347815140434,0.7212212127925522,0.1798238312564009,9.411845900686247,-23.45585919115639,0
AMT,2011,4,6.503401994810175e-11,0.009458679209485732,62050000.0,17,3.4549999999999996,16.244000005722047,0.7212212127925522,0.1798238312564009,9.411845900686247,-23.4561105991335,0
AMT,2011,5,6.82880907825738e-11,0.06060025702140992,64020600.0,16,3.168571428571429,16.911428587777273,0.7212212127925522,0.1798238312564009,9.411845900686247,-23.407285730842727,0
AMT,2011,6,5.7964938865916886e-11,-0.0567777595631308,84806900.0,16,3.002272727272727,19.15318202972412,0.7212212127925522,0.1798238312564009,9.411845900686247,-23.571182790479096,0
AMT,2011,7,9.534651609685184e-11,0.0038207081076786498,42743800.0,13,3.003,19.22749991416931,0.7212212127925522,0.1798238312564009,9.411845900686247,-23.073503322600498,0
AMT,2011,8,1.2602965926314618e-10,0.025320869089715314,94984200.0,15,2.3030434782608693,35.02913035517154,0.7212212127925522,0.1798238312564009,9.411845900686247,-22.79450384569983,0
AMT,2011,9,5.529386395490544e-11,-0.0011138100419331165,78034200.0,15,1.975238095238095,36.52999977838425,0.7212212127925522,0.1798238312564009,9.411845900686247,-23.61835917278082,0
AMT,2011,10,8.148988727948408e-11,0.024162983888172507,67660500.0,14,2.152,32.82904770260765,0.7212212127925522,0.1798238312564009,9.411845900686247,-23.230542185840914,0
AMT,2011,11,8.469592049750572e-11,0.07078137788529526,61414000.0,17,2.0134999999999996,31.941904703776043,0.7212212127925522,0.1798238312564009,9.411845900686247,-23.191953679568535,0
AMT,2011,12,6.197594096391968e-11,0.023273736812822632,61125700.0,19,1.9780952380952381,25.047619047619047,0.7212212127925522,0.1798238312564009,9.411845900686247,-23.50427485516298,0
AMT,2012,1,4.54805489876788e-11,0.05832229626424823,67985600.0,21,1.9665,20.227999877929687,0.738508959638314,0.15178496831782406,9.55315878609057,-23.813736376149876,0
AMT,2012,2,3.5349917393841347e-11,-0.014642596660695784,61268300.0,25,1.9675,18.420499992370605,0.738508959638314,0.15178496831782406,9.55315878609057,-24.06572506039658,0
AMT,2012,3,3.596806346193904e-11,0.0070296720399944945,61610100.0,28,2.1727272727272724,16.16727287119085,0.738508959638314,0.15178496831782406,9.55315878609057,-24.048389697258884,0
AMT,2012,4,7.185095570204931e-11,0.04412773479252485,43594700.0,28,2.052857142857143,17.822999906539916,0.738508959638314,0.15178496831782406,9.55315878609057,-23.356427202141255,0
AMT,2012,5,5.2729984410861e-11,-0.010673864966589064,59547000.0,24,1.8031818181818182,21.001818136735395,0.738508959638314,0.15178496831782406,9.55315878609057,-23.665836858027006,0
AMT,2012,6,7.510919381226037e-11,0.08092741778128709,48027400.0,28,1.6223809523809525,21.130952290126256,0.738508959638314,0.15178496831782406,9.55315878609057,-23.312078143715734,0
AMT,2012,7,5.677161241334338e-11,0.03432874983473688,57777800.0,29,1.5266666666666668,17.565238180614653,0.738508959638314,0.15178496831782406,9.55315878609057,-23.591984696589044,0
AMT,2012,8,3.7503184362629256e-11,-0.026413160706299288,56420700.0,35,1.6782608695652175,15.689565119536027,0.738508959638314,0.15178496831782406,9.55315878609057,-24.00659527022059,0
AMT,2012,9,4.166734152359069e-11,0.017344823640896623,42189100.0,37,1.7231578947368422,15.284736834074321,0.738508959638314,0.15178496831782406,9.55315878609057,-23.901303470859343,0
AMT,2012,10,5.686887120747803e-11,0.05463030940683744,47698900.0,40,1.7461904761904763,16.276190576099214,0.738508959638314,0.15178496831782406,9.55315878609057,-23.590273003453248,0
AMT,2012,11,5.079294490362841e-11,-0.004781130636191788,44231400.0,41,1.654,16.70190484183175,0.738508959638314,0.15178496831782406,9.55315878609057,-23.703263650838647,0
AMT,2012,12,4.146893991536919e-11,0.03448120822402001,37775400.0,45,1.719,17.306999826431273,0.738508959638314,0.15178496831782406,9.55315878609057,-23.90607640468401,0
AMT,2013,1,3.8483057389860084e-11,-0.014493864342098428,47713100.0,47,1.9147619047619049,13.505238124302455,0.8229114600215236,0.43888035946011983,9.917024069093996,-23.9808030392889,0
AMT,2013,2,4.7979396089711485e-11,0.019041714160868084,57426400.0,47,1.9842105263157896,14.07263163516396,0.8229114600215236,0.43888035946011983,9.917024069093996,-23.760249445305018,0
AMT,2013,3,4.284667698485727e-11,-0.008762618592457305,42744100.0,46,1.9575,13.031500005722046,0.8229114600215236,0.43888035946011983,9.917024069093996,-23.8733930238369,0
AMT,2013,4,6.55578472122337e-11,0.09550955716642795,41499100.0,44,1.7590909090909093,13.967272715135055,0.8229114600215236,0.43888035946011983,9.917024069093996,-23.44808819950125,0
AMT,2013,5,5.2089769709462246e-11,-0.07322192907625291,45111100.0,41,1.9281818181818182,13.493636304681951,0.8229114600215236,0.43888035946011983,9.917024069093996,-23.678052545193655,0
AMT,2013,6,5.6531523051811806e-11,-0.056679106073136754,80466400.0,44,2.3,17.271499919891358,0.8229114600215236,0.43888035946011983,9.917024069093996,-23.59622270324073,0
AMT,2013,7,3.322583435474905e-11,-0.032526092105050086,117706700.0,51,2.5822727272727275,13.97454565221613,0.8229114600215236,0.43888035946011983,9.917024069093996,-24.12769339938724,0
AMT,2013,8,3.7511888056478185e-11,-0.01836479585894324,69043000.0,56,2.7372727272727273,14.209999908100475,0.8229114600215236,0.43888035946011983,9.917024069093996,-24.006363218351353,0
AMT,2013,9,4.554891644615475e-11,0.07076439337204943,60706400.0,58,2.8095,14.692000102996825,0.8229114600215236,0.43888035946011983,9.917024069093996,-23.812234280734838,0
AMT,2013,10,4.805401175006033e-11,0.07041580873573827,59666700.0,57,2.6159090909090907,15.407826050468113,0.8229114600215236,0.43888035946011983,9.917024069093996,-23.758695492841138,0
AMT,2013,11,4.016237250134017e-11,-0.019911482703441452,44555900.0,54,2.718421052631579,12.923999977111816,0.8229114600215236,0.43888035946011983,9.917024069093996,-23.938090566061415,0
AMT,2013,12,4.039077429077524e-11,0.030242361399388074,43257200.0,54,2.901904761904762,14.192380905151367,0.8229114600215236,0.43888035946011983,9.917024069093996,-23.93241971617859,0
AMT,2014,1,3.900714460347219e-11,0.013282121242021327,51791300.0,57,2.858095238095238,14.240952400934129,0.8099831962476229,0.052236788318561045,9.967942242034926,-23.967276291616223,0
AMT,2014,2,4.651390809552956e-11,0.007293023597000126,42855300.0,56,2.709473684210526,15.470000116448654,0.8099831962476229,0.052236788318561045,9.967942242034926,-23.791269749227784,0
AMT,2014,3,3.8236846929698725e-11,0.00490814772379955,44778242.0,46,2.723333333333333,14.836666742960611,0.8099831962476229,0.052236788318561045,9.967942242034926,-23.987221485912222,0
AMT,2014,4,3.480157059668774e-11,0.024161746322165945,44889170.0,46,2.705238095238095,14.198095321655273,0.8099831962476229,0.052236788318561045,9.967942242034926,-24.081358598077813,0
AMT,2014,5,3.451142369055191e-11,0.07315519909711066,37601749.0,46,2.559047619047619,12.475238028026762,0.8099831962476229,0.052236788318561045,9.967942242034926,-24.089730725234574,0
AMT,2014,6,3.859766023374265e-11,0.007765606637488043,32108446.0,45,2.5985714285714288,11.541428565979004,0.8099831962476229,0.052236788318561045,9.967942242034926,-23.977829457001118,0
AMT,2014,7,4.694078658784617e-11,0.049010677475529896,35243410.0,49,2.5422727272727275,12.296363613822244,0.8099831962476229,0.052236788318561045,9.967942242034926,-23.78213416834215,0
AMT,2014,8,3.526596931309185e-11,0.0446041444042633,39686002.0,53,2.42,13.497142927987236,0.8099831962476229,0.052236788318561045,9.967942242034926,-24.068102659098816,0
AMT,2014,9,3.2429645230590496e-11,-0.0468145527011653,42436095.0,55,2.5342857142857143,13.466666630336217,0.8099831962476229,0.052236788318561045,9.967942242034926,-24.151948135213086,0
AMT,2014,10,4.447932846822494e-11,0.041331899465760324,48899011.0,59,2.304090909090909,18.01608711740245,0.8099831962476229,0.052236788318561045,9.967942242034926,-23.835996563487218,0
AMT,2014,11,2.503572664489493e-11,0.07702378550722422,38550736.0,54,2.3255555555555554,13.41315786462081,0.8099831962476229,0.052236788318561045,9.967942242034926,-24.41071724540729,0
AMT,2014,12,3.7132006658855756e-11,-0.05503091985474273,42360825.0,58,2.2072727272727275,16.3118182962591,0.8099831962476229,0.052236788318561045,9.967942242034926,-24.016541805061575,0
AMT,2015,1,4.497012387623413e-11,-0.01922142784756664,44574399.0,58,1.8815000000000002,19.119499969482423,0.750492486843725,0.2612434776759023,10.200040363389814,-23.825022760508094,0
AMT,2015,2,3.7976560121640437e-11,0.02258898181217739,73214057.0,57,1.9752631578947368,15.904210492184287,0.750492486843725,0.2612434776759023,10.200040363389814,-23.99405198542975,0
AMT,2015,3,3.936907945816816e-11,-0.050334284851413336,59204788.0,55,2.0427272727272725,14.812727277929133,0.750492486843725,0.2612434776759023,10.200040363389814,-23.958040393055555,0
AMT,2015,4,3.667620143979163e-11,0.008404125080266223,46527216.0,52,1.935,13.494761875697545,0.750492486843725,0.2612434776759023,10.200040363389814,-24.028893033341546,0
AMT,2015,5,3.6488045449251675e-11,-0.018408371446109406,51563257.0,56,2.1975000000000002,13.3385000705719,0.750492486843725,0.2612434776759023,10.200040363389814,-24.034036430925436,0
AMT,2015,6,4.1056169352907816e-11,0.010184551807576714,51567913.0,54,2.3636363636363638,14.33954551003196,0.750492486843725,0.2612434776759023,10.200040363389814,-23.916080002579147,0
AMT,2015,7,3.6135006416401295e-11,0.019507262769875133,44434463.0,60,2.3245454545454547,14.35272723978216,0.750492486843725,0.2612434776759023,10.200040363389814,-24.04375901362613,0
AMT,2015,8,4.3848964895801234e-11,-0.030701606828203998,59170641.0,60,2.1671428571428573,19.42809536343529,0.750492486843725,0.2612434776759023,10.200040363389814,-23.850270002957927,0
AMT,2015,9,5.4021357866134156e-11,-0.040810028873452864,45037311.0,61,2.172857142857143,24.3771428607759,0.750492486843725,0.2612434776759023,10.200040363389814,-23.641641631520603,0
AMT,2015,10,5.0761984524337185e-11,0.1619708406317537,46399911.0,61,2.07,16.789545449343596,0.750492486843725,0.2612434776759023,10.200040363389814,-23.70387337762246,0
AMT,2015,11,5.175888917084185e-11,-0.027877734657484998,33650125.0,65,2.263157894736842,16.209999990463256,0.750492486843725,0.2612434776759023,10.200040363389814,-23.684424927116858,0
AMT,2015,12,6.630879477132755e-11,-0.01936914377570953,43216105.0,62,2.2427272727272727,18.02545473792336,0.750492486843725,0.2612434776759023,10.200040363389814,-23.436698576382874,0
AMT,2016,1,5.4418988183819496e-11,-0.02691970459068027,52979319.0,60,2.0852631578947367,23.717894805105107,0.7387421609726951,0.14774151852166817,10.337836477853132,-23.634307975472876,0
AMT,2016,2,6.037952392724952e-11,-0.02268207723095461,57104892.0,61,1.7795,22.516999816894533,0.7387421609726951,0.14774151852166817,10.337836477853132,-23.53037107629092,0
AMT,2016,3,3.8826180260378894e-11,0.11030599910659222,43965333.0,58,1.8890909090909092,15.849090966311367,0.7387421609726951,0.14774151852166817,10.337836477853132,-23.971926347861224,0
AMT,2016,4,3.504722336277484e-11,0.029460921835641862,40207913.0,58,1.805238095238095,14.300476255871,0.7387421609726951,0.14774151852166817,10.337836477853132,-24.074324724907655,0
AMT,2016,5,4.685281912562611e-11,0.008581122331498658,31961112.0,58,1.8061904761904761,14.852857044764928,0.7387421609726951,0.14774151852166817,10.337836477853132,-23.784009935615273,0
AMT,2016,6,4.0567569231957096e-11,0.07933055275062939,41791765.0,58,1.6440909090909093,17.774545496160332,0.7387421609726951,0.14774151852166817,10.337836477853132,-23.928052155911722,0
AMT,2016,7,2.4676344833868647e-11,0.019013944846519415,38532420.0,60,1.504,13.158500051498413,0.7387421609726951,0.14774151852166817,10.337836477853132,-24.425176030215002,0
AMT,2016,8,3.146122123197834e-11,-0.020642529808803767,36900078.0,58,1.556521739130435,12.399565240611201,0.7387421609726951,0.14774151852166817,10.337836477853132,-24.18226540048927,0
AMT,2016,9,4.459241447264339e-11,0.004440870895482618,43216383.0,59,1.6304761904761906,14.219523793175107,0.7387421609726951,0.14774151852166817,10.337836477853132,-23.83345735045633,0
AMT,2016,10,3.498637523603568e-11,0.034060231382945005,45930915.0,65,1.7645,14.58523804800851,0.7387421609726951,0.14774151852166817,10.337836477853132,-24.076062409198272,0
AMT,2016,11,3.935523936450668e-11,-0.12731545358453167,72530340.0,63,2.1420000000000003,15.236190387180873,0.7387421609726951,0.14774151852166817,10.337836477853132,-23.958392002164683,0
AMT,2016,12,2.5043610861306354e-11,0.03899728644724321,53634224.0,63,2.491904761904762,12.472380956013998,0.7387421609726951,0.14774151852166817,10.337836477853132,-24.410402376366715,0
AMT,2017,1,2.990263309895905e-11,-0.020629584976517124,38629282.0,69,2.4325,11.608500003814697,0.7605158019286873,0.07562222405733321,10.41073578506167,-24.233074575898936,0
AMT,2017,2,3.806163088870025e-11,0.1090813297800084,41930160.0,67,2.4189473684210525,11.530526361967388,0.7605158019286873,0.07562222405733321,10.41073578506167,-23.991814404513537,0
AMT,2017,3,2.2318433822127405e-11,0.058805377486455424,51611233.0,65,2.4817391304347827,11.897826111834982,0.7605158019286873,0.07562222405733321,10.41073578506167,-24.52560815013694,0
AMT,2017,4,1.7506701937072993e-11,0.04144810298609625,44697878.0,71,2.2973684210526315,13.136315847698011,0.7605158019286873,0.07562222405733321,10.41073578506167,-24.7684373404798,0
AMT,2017,5,2.7622102220833978e-11,0.04168390069375838,43066292.0,68,2.3036363636363637,10.862272782759232,0.7605158019286873,0.07562222405733321,10.41073578506167,-24.31240485857609,0
AMT,2017,6,2.7840997760095568e-11,0.013547398388286558,38452249.0,69,2.186818181818182,10.513636328957297,0.7605158019286873,0.07562222405733321,10.41073578506167,-24.30451144202064,0
AMT,2017,7,4.496364603164671e-11,0.03030575701280025,32459582.0,66,2.318,10.264499998092651,0.7605158019286873,0.07562222405733321,10.41073578506167,-23.8251668186212,0
AMT,2017,8,3.608590326392254e-11,0.0859693901183487,32479278.0,64,2.2091304347826086,11.97565215566884,0.7605158019286873,0.07562222405733321,10.41073578506167,-24.04511881815538,0
AMT,2017,9,2.802092703295409e-11,-0.07232273190112082,47174280.0,67,2.202,10.437999963760376,0.7605158019286873,0.07562222405733321,10.41073578506167,-24.298069490879104,0
AMT,2017,10,2.5361970687588207e-11,0.05114372789517896,42977062.0,64,2.3600000000000003,10.125454512509434,0.7605158019286873,0.07562222405733321,10.41073578506167,-24.39777028087756,0
AMT,2017,11,3.322528034994297e-11,0.0018082985839433796,44450613.0,68,2.3533333333333335,10.540476163228353,0.7605158019286873,0.07562222405733321,10.41073578506167,-24.127710073443303,0
AMT,2017,12,2.962224724439637e-11,-0.0038509074996638804,39884335.0,69,2.4025,10.264500045776368,0.7605158019286873,0.07562222405733321,10.41073578506167,-24.242495440810963,0
AMT,2018,1,3.345085841958559e-11,0.03525445708079955,54486713.0,74,2.583809523809524,11.062381017775763,0.7908416741390591,-0.0061389220907862585,10.404577942313962,-24.120943666915714,0
AMT,2018,2,2.9160391710020294e-11,-0.05667062595543504,61201021.0,72,2.8589473684210525,22.464736637316253,0.7908416741390591,-0.0061389220907862585,10.404577942313962,-24.258209775750046,0
AMT,2018,3,2.807776301223869e-11,0.04313520524680081,56050966.0,71,2.8423809523809522,19.023809750874836,0.7908416741390591,-0.0061389220907862585,10.404577942313962,-24.29604320475066,0
AMT,2018,4,3.40454742381085e-11,-0.056663803991668704,51172616.0,70,2.869047619047619,18.26761904216948,0.7908416741390591,-0.0061389220907862585,10.404577942313962,-24.1033240073474,0
AMT,2018,5,2.4757442077085e-11,0.014741399980276793,46519505.0,68,2.977727272727273,14.124545487490566,0.7908416741390591,-0.0061389220907862585,10.404577942313962,-24.42189498212879,0
AMT,2018,6,2.521609383405187e-11,0.047719971552581564,46093568.0,70,2.9123809523809525,13.678095318022228,0.7908416741390591,-0.0061389220907862585,10.404577942313962,-24.40353868104919,0
AMT,2018,7,3.012022395265052e-11,0.028228953684205527,41107119.0,68,2.889047619047619,13.147619065784273,0.7908416741390591,-0.0061389220907862585,10.404577942313962,-24.225824277677535,0
AMT,2018,8,3.0291196985878766e-11,0.0059342226106895435,31331626.0,68,2.889130434782609,12.546956518422002,0.7908416741390591,-0.0061389220907862585,10.404577942313962,-24.220163974143663,0
AMT,2018,9,3.110907562421832e-11,-0.02024865530403719,26875721.0,67,3.004210526315789,12.910526325828151,0.7908416741390591,-0.0061389220907862585,10.404577942313962,-24.193521518600328,0
AMT,2018,10,3.7209516268797004e-11,0.07233545280908005,53085930.0,67,3.152272727272727,19.352173639380414,0.7908416741390591,-0.0061389220907862585,10.404577942313962,-24.014456573686846,0
AMT,2018,11,2.5085195917336678e-11,0.055709200783220725,45144833.0,68,3.117,19.389047622680664,0.7908416741390591,-0.0061389220907862585,10.404577942313962,-24.408743247883837,0
AMT,2018,12,2.933007039391842e-11,-0.03317329239015809,45714637.0,60,2.8326315789473684,24.953157726087067,0.7908416741390591,-0.0061389220907862585,10.404577942313962,-24.25240783287666,0
AMT,2019,1,2.0037523586541178e-11,0.09260839591346826,39712683.0,56,2.713809523809524,19.57238079252697,0.846106220328212,0.2966095533528825,10.664330764048724,-24.63341442087361,0
AMT,2019,2,2.185328150813111e-11,0.019149069461711354,34866037.0,58,2.6763157894736844,15.234736844112998,0.846106220328212,0.2966095533528825,10.664330764048724,-24.54667002222486,0
AMT,2019,3,1.9816564258649735e-11,0.11870651177273861,38621757.0,62,2.570952380952381,14.485238075256348,0.846106220328212,0.2966095533528825,10.664330764048724,-24.64450294924531,0
AMT,2019,4,2.259554144363935e-11,-0.004390923051900919,35327328.0,62,2.532380952380952,12.949047588166737,0.846106220328212,0.2966095533528825,10.664330764048724,-24.51326851036771,0
AMT,2019,5,2.7486567427757793e-11,0.06896711520654986,34180695.0,63,2.395,16.721818056973543,0.846106220328212,0.2966095533528825,10.664330764048724,-24.31732368776253,0
AMT,2019,6,2.1444417153362752e-11,-0.016487749790860762,38676928.0,66,2.074,15.835999870300293,0.846106220328212,0.2966095533528825,10.664330764048724,-24.565556777001806,0
AMT,2019,7,2.0750155862583243e-11,0.03506802959372579,37796892.0,64,2.059090909090909,13.30590907010165,0.846106220328212,0.2966095533528825,10.664330764048724,-24.598467357830256,0
AMT,2019,8,2.194270096814826e-11,0.08775190252042586,34120752.0,65,1.6263636363636365,18.979090907356955,0.846106220328212,0.2966095533528825,10.664330764048724,-24.54258656163261,0
AMT,2019,9,3.3338898592320276e-11,-0.03526612784551042,41813960.0,67,1.6995,15.558999872207641,0.846106220328212,0.2966095533528825,10.664330764048724,-24.124296274774856,0
AMT,2019,10,2.6908268696601987e-11,-0.013791206881335838,35891765.0,68,1.7068181818181818,15.466521760691768,0.846106220328212,0.2966095533528825,10.664330764048724,-24.338587490063524,0
AMT,2019,11,2.895634077774886e-11,-0.018573316682738983,33182621.0,71,1.8121052631578947,12.523499965667725,0.846106220328212,0.2966095533528825,10.664330764048724,-24.26523191075392,0
AMT,2019,12,2.862893794417746e-11,0.07853708858371022,32250759.0,71,1.8628571428571428,13.756666637602306,0.846106220328212,0.2966095533528825,10.664330764048724,-24.276603093413772,0
AMT,2020,1,2.4486102242101738e-11,0.00835282157977102,31299762.0,76,1.7576190476190479,13.94095243726458,0.8987900536695353,0.10354519457216549,10.762858665585947,-24.432915414752514,0
AMT,2020,2,2.4203609187662204e-11,-0.021315891121675534,39999823.0,75,1.5042105263157897,19.628947358382376,0.8987900536695353,0.10354519457216549,10.762858665585947,-24.444519353900127,0
AMT,2020,3,7.547530570992051e-11,-0.03990207536065016,77344562.0,74,0.87,57.7368184002963,0.8987900536695353,0.10354519457216549,10.762858665585947,-23.30721558986461,0
AMT,2020,4,5.372261020547046e-11,0.09772527843094991,52294668.0,72,0.6576190476190477,41.45380964733305,0.8987900536695353,0.10354519457216549,10.762858665585947,-23.647187156372194,0
AMT,2020,5,3.2154211614326337e-11,0.08474924088684199,39518157.0,30,0.674,30.89700002670288,0.8987900536695353,0.10354519457216549,10.762858665585947,-24.160477674934125,0
AMT,2020,6,3.0575558881867275e-11,0.005709155869058957,50063064.0,37,0.7286363636363636,31.11954550309615,0.8987900536695353,0.10354519457216549,10.762858665585947,-24.2108201554752,0
AMT,2020,7,2.5988595703338833e-11,0.011020924385037878,31180711.0,58,0.6236363636363637,26.840454621748492,0.8987900536695353,0.10354519457216549,10.762858665585947,-24.3733633009266,0
AMT,2020,8,3.087896943246058e-11,-0.04682536475873478,27479286.0,72,0.65,22.88952382405599,0.8987900536695353,0.10354519457216549,10.762858665585947,-24.20094576463002,0
AMT,2020,9,2.9573637212822915e-11,-0.02516855500410975,46175681.0,78,0.6795238095238095,27.647619065784273,0.8987900536695353,0.10354519457216549,10.762858665585947,-24.2441377861512,0
AMT,2020,10,2.369815245015894e-11,-0.0499751367942356,38724533.0,83,0.7871428571428571,29.438636086203836,0.8987900536695353,0.10354519457216549,10.762858665585947,-24.465624026515663,0
AMT,2020,11,2.840643752367942e-11,0.006749202437456248,38844044.0,85,0.8700000000000001,24.995500087738037,0.8987900536695353,0.10354519457216549,10.762858665585947,-24.28440532307892,0
AMT,2020,12,2.2210814111214096e-11,-0.02377898472057416,53003070.0,90,0.9336363636363636,22.374090974981133,0.8987900536695353,0.10354519457216549,10.762858665585947,-24.53044182352902,0
AMT,2021,1,2.477088493731346e-11,0.012920653370348756,49128661.0,86,1.0810526315789473,24.90999984741211,0.8702264626637802,0.47962568939417993,11.154647808802693,-24.42135214689211,0
AMT,2021,2,2.128227761796687e-11,-0.049394165049578276,35060085.0,83,1.2578947368421052,23.140526219418174,0.8702264626637802,0.47962568939417993,11.154647808802693,-24.57314642626301,0
AMT,2021,3,2.6997633515082977e-11,0.10609419243726226,60891397.0,84,1.6108695652173912,21.843043534652047,0.8702264626637802,0.47962568939417993,11.154647808802693,-24.335271901355014,0
AMT,2021,4,1.8040369112478995e-11,0.07118997198095345,35035023.0,82,1.635,17.416190556117467,0.8702264626637802,0.47962568939417993,11.154647808802693,-24.738409140722958,0
AMT,2021,5,1.7791757359646166e-11,0.002709067421535538,43032270.0,83,1.621,19.7604998588562,0.8702264626637802,0.47962568939417993,11.154647808802693,-24.752285835563185,0
AMT,2021,6,2.2000746242780498e-11,0.06244929877433969,34179703.0,83,1.5190909090909093,16.956818147139117,0.8702264626637802,0.47962568939417993,11.154647808802693,-24.53994474301912,0
AMT,2021,7,1.5118661161593737e-11,0.046863143576593824,30187687.0,81,1.3185714285714287,17.60333351861863,0.8702264626637802,0.47962568939417993,11.154647808802693,-24.915091296611365,0
AMT,2021,8,2.5757643266467487e-11,0.03313368685895468,26121482.0,80,1.2831818181818182,17.47772723978216,0.8702264626637802,0.47962568939417993,11.154647808802693,-24.382289706980657,0
AMT,2021,9,2.2893446235746765e-11,-0.08724765462498696,34499758.0,75,1.3747619047619049,19.8247617994036,0.8702264626637802,0.47962568939417993,11.154647808802693,-24.500170436907435,0
AMT,2021,10,2.128568454356816e-11,0.06239546479848834,32215333.0,76,1.5825,17.869047573634557,0.8702264626637802,0.47962568939417993,11.154647808802693,-24.57298635632141,0
AMT,2021,11,2.1532393490699722e-11,-0.06912088302681307,36925094.0,80,1.5595,18.500476246788388,0.8702264626637802,0.47962568939417993,11.154647808802693,-24.56146264070335,0
AMT,2021,12,2.3774853979681287e-11,0.11992577604234955,36404150.0,83,1.4649999999999999,21.354545506564055,0.8702264626637802,0.47962568939417993,11.154647808802693,-24.462392649274893,0
AMT,2022,1,2.7106079880783492e-11,-0.14016957352671744,47711223.0,84,1.764,23.18100004196167,0.8153345883963717,-0.038538860088799254,11.115346677923641,-24.331263063361146,0
AMT,2022,2,2.4872168123855102e-11,-0.09793064259029716,36252086.0,83,1.9342105263157894,25.74842111687911,0.8153345883963717,-0.038538860088799254,11.115346677923641,-24.417271683631775,0
AMT,2022,3,2.853376011628556e-11,0.10732922909104392,45568741.0,81,2.1278260869565218,26.968695682028066,0.8153345883963717,-0.038538860088799254,11.115346677923641,-24.279933164214366,0
AMT,2022,4,2.98876922514932e-11,-0.03537888974073755,36675429.0,79,2.7475,24.37350015640259,0.8153345883963717,-0.038538860088799254,11.115346677923641,-24.233574350659794,0
AMT,2022,5,4.26589243490741e-11,0.06269184117225812,40778317.0,77,2.8980952380952383,29.445714587257022,0.8153345883963717,-0.038538860088799254,11.115346677923641,-23.877784617711576,0
AMT,2022,6,3.428573313886148e-11,0.003986581406469236,55288657.0,69,3.1433333333333335,28.100000018165225,0.8153345883963717,-0.038538860088799254,11.115346677923641,-24.09629179175856,0
AMT,2022,7,3.37601225964867e-11,0.05962510456640735,29436159.0,67,2.896,24.86850004196167,0.8153345883963717,-0.038538860088799254,11.115346677923641,-24.111740814794864,0
AMT,2022,8,3.082111484111444e-11,-0.061955743433661725,30440332.0,55,2.8978260869565218,22.169565366662066,0.8153345883963717,-0.038538860088799254,11.115346677923641,-24.20282111403945,0
AMT,2022,9,4.0218133413657966e-11,-0.15489233094196475,36503003.0,49,3.5190476190476194,27.406190418061755,0.8153345883963717,-0.038538860088799254,11.115346677923641,-23.936703142067806,0
AMT,2022,10,4.7317672968963484e-11,-0.027688050842526235,52859811.0,46,3.9835000000000003,30.005714416503906,0.8153345883963717,-0.038538860088799254,11.115346677923641,-23.774137254507625,0
AMT,2022,11,4.061212971114024e-11,0.06786054257583118,40995769.0,38,3.8909999999999996,23.436190650576638,0.8153345883963717,-0.038538860088799254,11.115346677923641,-23.926954332583016,0
AMT,2022,12,3.172900876663424e-11,-0.035359282287289906,36488718.0,33,3.616190476190476,21.784285681588308,0.8153345883963717,-0.038538860088799254,11.115346677923641,-24.173789750448446,0
AMT,2023,1,3.7056993338674085e-11,0.05442296580608663,38198831.0,31,3.5315,20.202999973297118,0.8354415426276284,-0.017366004658119216,11.097828115413098,-24.01856402791799,0
AMT,2023,2,2.9579045284767855e-11,-0.11361224351820653,39770414.0,35,3.7468421052631578,20.06210537960655,0.8354415426276284,-0.017366004658119216,11.097828115413098,-24.24395493486765,0
AMT,2023,3,4.534933508092462e-11,0.03196723951172564,50459029.0,42,3.6630434782608696,21.644347895746645,0.8354415426276284,-0.017366004658119216,11.097828115413098,-23.816625601417016,0
AMT,2023,4,2.5213065617879488e-11,0.007645799589072855,35775824.0,44,3.46,17.8178946344476,0.8354415426276284,-0.017366004658119216,11.097828115413098,-24.403658778873897,0
AMT,2023,5,4.263697223682925e-11,-0.09760689119278021,45972549.0,45,3.5736363636363637,17.64409099925648,0.8354415426276284,-0.017366004658119216,11.097828115413098,-23.87829934617117,0
AMT,2023,6,2.515377352769516e-11,0.0600052963840374,47691694.0,50,3.7480952380952384,13.994285628909157,0.8354415426276284,-0.017366004658119216,11.097828115413098,-24.406013189775173,0
AMT,2023,7,3.004365391050605e-11,-0.01871608002430203,49696978.0,55,3.8994999999999997,13.943999910354615,0.8354415426276284,-0.017366004658119216,11.097828115413098,-24.228369661592446,0
AMT,2023,8,2.4680152317218284e-11,-0.047238013872607953,39270141.0,56,4.167826086956522,15.853912975477135,0.8354415426276284,-0.017366004658119216,11.097828115413098,-24.42502174522409,0
AMT,2023,9,3.3144974117259796e-11,-0.09304118981201237,44081907.0,50,4.379,15.241000032424926,0.8354415426276284,-0.017366004658119216,11.097828115413098,-24.13013002112976,0
AMT,2023,10,4.3602057073082456e-11,0.09462131643817484,51829122.0,44,4.798095238095239,18.887727303938433,0.8354415426276284,-0.017366004658119216,11.097828115413098,-23.85591678611124,0
AMT,2023,11,2.995793602567898e-11,0.1716704504014961,47172712.0,40,4.502857142857143,14.077142897106352,0.8354415426276284,-0.017366004658119216,11.097828115413098,-24.23122685065132,0
AMT,2023,12,1.7064499008592316e-11,0.04211670041548654,40978765.0,34,4.0200000000000005,12.718499994277954,0.8354415426276284,-0.017366004658119216,11.097828115413098,-24.794020891833096,0
AMT,2024,1,2.446515668793939e-11,-0.09370985441979984,45613012.0,37,4.058095238095238,13.395238149733771,0.8420250370840933,-0.07497167851019881,11.019897191301482,-24.43377118663248,0
AMT,2024,2,2.287638726661273e-11,0.016407152071774345,51932925.0,44,4.2075000000000005,13.944000101089477,0.8420250370840933,-0.07497167851019881,11.019897191301482,-24.500915861070848,0
AMT,2024,3,2.0189858469399276e-11,-0.0063874486093196126,45027625.0,48,4.2085,13.787499904632568,0.8420250370840933,-0.07497167851019881,11.019897191301482,-24.62584069356402,0
AMT,2024,4,2.355693286414138e-11,-0.12386369992645563,59486175.0,51,4.539090909090909,16.137727087194268,0.8420250370840933,-0.07497167851019881,11.019897191301482,-24.471600949654587,0
AMT,2024,5,3.0515148560049134e-11,0.14094351735713495,56337276.0,51,4.482272727272727,13.090454535050826,0.8420250370840933,-0.07497167851019881,11.019897191301482,-24.212797881516966,0
AMT,2024,6,2.6278365068196843e-11,0.0012154354645033116,42008247.0,45,4.3052631578947365,12.676842037000155,0.8420250370840933,-0.07497167851019881,11.019897191301482,-24.36227513626425,0
AMT,2024,7,2.6818544450283774e-11,0.1338633456918532,37757013.0,43,4.248636363636364,14.470000050284646,0.8420250370840933,-0.07497167851019881,11.019897191301482,-24.34192751060353,0
AMT,2024,8,2.2050550054993147e-11,0.01660530530330684,52199531.0,41,3.8709090909090906,19.31227272207087,0.8420250370840933,-0.07497167851019881,11.019897191301482,-24.537683568542157,0
AMT,2024,9,1.9040403227396196e-11,0.037937561356981675,45040034.0,39,3.7235,17.768999814987183,0.8420250370840933,-0.07497167851019881,11.019897191301482,-24.684457908880113,0
AMT,2024,10,2.505502735837515e-11,-0.0750485366089646,44817088.0,41,4.095454545454545,19.96086958180303,0.8420250370840933,-0.07497167851019881,11.019897191301482,-24.4099466155847,0
AMT,2024,11,1.963337746949026e-11,-0.021259444196736088,55330929.0,43,4.35578947368421,16.121000051498413,0.8420250370840933,-0.07497167851019881,11.019897191301482,-24.65379006592007,0
AMT,2024,12,1.980786587546727e-11,-0.11462271402473379,54201080.0,46,4.3914285714285715,15.866190592447916,0.8420250370840933,-0.07497167851019881,11.019897191301482,-24.644941990679737,0
CPT,2000,8,3.334065315539331e-09,-0.0419987465318824,1955200.0,59,5.826086956521739,18.08869569197945,0.5127034190484849,-0.02293109297199436,7.796009022069031,-19.519073462066054,1
CPT,2000,9,3.1603027728065726e-09,0.054745005878694686,1656600.0,60,5.799,19.6875,0.5127034190484849,-0.02293109297199436,7.796009022069031,-19.57259799975818,1
CPT,2000,10,6.716207207140493e-09,-0.07661308453957694,1518200.0,60,5.738571428571428,25.200000069358133,0.5127034190484849,-0.02293109297199436,7.796009022069031,-18.81874224544641,1
CPT,2000,11,4.848231450413171e-09,0.08515160530668053,1593900.0,62,5.717142857142857,26.382857095627557,0.5127034190484849,-0.02293109297199436,7.796009022069031,-19.144651847897123,1
CPT,2000,12,3.2454103267424774e-09,0.09757637882006298,1936100.0,63,5.2405,26.530499839782713,0.5127034190484849,-0.02293109297199436,7.796009022069031,-19.54602404586525,1
CPT,2001,1,2.453909496145819e-09,-0.007461422049292676,2560400.0,57,5.160952380952381,24.91857147216797,0.5410270383909637,0.007727239630405558,7.803706559495855,-19.825583371473957,1
CPT,2001,2,4.012549756756896e-09,-0.03699402394056739,1736900.0,52,5.098947368421053,23.411579132080078,0.5410270383909637,0.007727239630405558,7.803706559495855,-19.333838948129305,1
CPT,2001,3,2.7982543461051763e-09,0.05808610700909589,1881500.0,58,4.885454545454546,28.496818369085137,0.5410270383909637,0.007727239630405558,7.803706559495855,-19.694270062009238,1
CPT,2001,4,1.2958703261457784e-09,0.0015065909113873843,2657100.0,60,5.141,28.13399991989136,0.5410270383909637,0.007727239630405558,7.803706559495855,-20.464083301008646,1
CPT,2001,5,1.7739890363547013e-09,0.03303433283694912,2987500.0,59,5.391363636363637,22.944090929898348,0.5410270383909637,0.007727239630405558,7.803706559495855,-20.15003513326149,1
CPT,2001,6,1.8846665146755154e-09,0.08486313188649608,2147700.0,58,5.284285714285714,20.94047619047619,0.5410270383909637,0.007727239630405558,7.803706559495855,-20.089514946989297,1
CPT,2001,7,1.3742783725612375e-09,0.020436246944615544,2510000.0,59,5.236190476190477,22.31619053795224,0.5410270383909637,0.007727239630405558,7.803706559495855,-20.40533706354954,1
CPT,2001,8,1.460856063550991e-09,0.010680253043928944,2367700.0,57,4.971304347826087,21.86173903423807,0.5410270383909637,0.007727239630405558,7.803706559495855,-20.344243228161233,1
CPT,2001,9,1.953453580681777e-09,-0.0033404385331299302,2779500.0,59,4.731764705882353,35.065333429972334,0.5410270383909637,0.007727239630405558,7.803706559495855,-20.05366696384435,1
CPT,2001,10,1.2535281520276452e-09,-0.06199532791703777,5221600.0,55,4.566818181818181,32.721304603244945,0.5410270383909637,0.007727239630405558,7.803706559495855,-20.497303739844742,1
CPT,2001,11,1.8382050696375668e-09,0.04109135542628661,2596300.0,46,4.6515,26.63095238095238,0.5410270383909637,0.007727239630405558,7.803706559495855,-20.114476247072552,1
CPT,2001,12,1.7074936861258359e-09,0.029673869765511007,3779800.0,48,5.0875,23.720000076293946,0.5410270383909637,0.007727239630405558,7.803706559495855,-20.18823922222055,1
CPT,2002,1,1.9490866426473827e-09,-0.05013596793067543,2780200.0,55,5.035714285714286,22.252857208251953,0.6014474123328145,0.0654105765482218,7.867066802249971,-20.055904962484817,1
CPT,2002,2,2.239461176613875e-09,0.03270018084150239,2119300.0,58,4.911578947368421,22.875789843107526,0.6014474123328145,0.0654105765482218,7.867066802249971,-19.91703054616985,1
CPT,2002,3,1.940517985711317e-09,0.10427134655678127,2426500.0,58,5.284000000000001,18.98499994277954,0.6014474123328145,0.0654105765482218,7.867066802249971,-20.06031089656614,1
CPT,2002,4,2.4312083865003882e-09,0.017382496160706973,3553700.0,62,5.210909090909091,19.900454607876863,0.6014474123328145,0.0654105765482218,7.867066802249971,-19.83487742480066,1
CPT,2002,5,2.384648973491314e-09,-0.035175052733403045,2828900.0,61,5.164545454545455,20.08772711320357,0.6014474123328145,0.0654105765482218,7.867066802249971,-19.854213904364357,1
CPT,2002,6,1.2488100833107938e-09,-0.019275874054708098,3057800.0,61,4.9265,25.270999908447266,0.6014474123328145,0.0654105765482218,7.867066802249971,-20.501074672359863,1
CPT,2002,7,3.263661619797709e-09,-0.0008090792959858373,4374300.0,61,4.653181818181818,34.049544941295274,0.6014474123328145,0.0654105765482218,7.867066802249971,-19.540416075623813,1
CPT,2002,8,2.40561916068443e-09,-0.031082229775439618,3058500.0,61,4.257272727272727,33.742727366360754,0.6014474123328145,0.0654105765482218,7.867066802249971,-19.845458519252514,1
CPT,2002,9,1.6323906397092964e-09,-0.05781395408447265,2594300.0,55,3.87,37.6475004196167,0.6014474123328145,0.0654105765482218,7.867066802249971,-20.233220246480172,1
CPT,2002,10,2.4176032809789043e-09,-0.05459919732580587,4395700.0,63,3.940909090909091,35.243043484895125,0.6014474123328145,0.0654105765482218,7.867066802249971,-19.84048916728868,1
CPT,2002,11,2.1812352741991944e-09,0.08455769111101574,2838400.0,61,4.048421052631579,28.174999713897705,0.6014474123328145,0.0654105765482218,7.867066802249971,-19.943374481084064,1
CPT,2002,12,1.1673003514768055e-09,-0.010859070845163799,4241800.0,62,4.032380952380952,28.21047628493536,0.6014474123328145,0.0654105765482218,7.867066802249971,-20.568572146167597,1
CPT,2003,1,2.7164518150098707e-09,-0.045456561473222634,2868600.0,63,4.048571428571428,27.424285707019624,0.6262627301365308,0.006000998506072497,7.8730498664777935,-19.723939287988685,1
CPT,2003,2,1.7788616981179039e-09,0.01269762026882404,2392700.0,62,3.9026315789473687,32.218421032554225,0.6262627301365308,0.006000998506072497,7.8730498664777935,-20.14729217264622,1
CPT,2003,3,2.1509758140046404e-09,0.0355182367319582,2783800.0,63,3.8071428571428574,30.634285699753534,0.6262627301365308,0.006000998506072497,7.8730498664777935,-19.9573442307944,1
CPT,2003,4,2.1065586119112372e-09,0.07870270604743568,3331200.0,56,3.958571428571428,23.991904758271716,0.6262627301365308,0.006000998506072497,7.8730498664777935,-19.978210210585512,1
CPT,2003,5,1.285306744479642e-09,-0.006008913905353963,4269300.0,55,3.5690476190476192,20.23952375139509,0.6262627301365308,0.006000998506072497,7.8730498664777935,-20.47226843542901,1
CPT,2003,6,1.6271858264076362e-09,0.024563090124940956,3189800.0,60,3.334285714285714,20.362380799793062,0.6262627301365308,0.006000998506072497,7.8730498664777935,-20.236413801090308,1
CPT,2003,7,1.8028177497274848e-09,0.06752516780918927,3263100.0,63,3.975454545454546,19.16136360168457,0.6262627301365308,0.006000998506072497,7.8730498664777935,-20.133914979516256,1
CPT,2003,8,1.5566785908077613e-09,0.021175329840625645,2201300.0,65,4.4452380952380945,19.27428572518485,0.6262627301365308,0.006000998506072497,7.8730498664777935,-20.28071139391524,1
CPT,2003,9,1.889666292440984e-09,0.025458510047124516,2247000.0,67,4.274285714285715,19.53238096691313,0.6262627301365308,0.006000998506072497,7.8730498664777935,-20.086865588310307,1
CPT,2003,10,1.1687841495068077e-09,0.030444963599233876,2815800.0,67,4.290454545454545,18.0234783006751,0.6262627301365308,0.006000998506072497,7.8730498664777935,-20.56730181692316,1
CPT,2003,11,1.4675604868252427e-09,0.06161498887211403,2501170.0,69,4.300000000000001,17.401052575362357,0.6262627301365308,0.006000998506072497,7.8730498664777935,-20.339664347477598,1
CPT,2003,12,9.173199382081634e-10,0.06925582759566473,3092400.0,68,4.267727272727273,16.826363650235262,0.6262627301365308,0.006000998506072497,7.8730498664777935,-20.809564807894045,1
CPT,2004,1,1.0138763450969962e-09,-0.01805985448267944,3159800.0,69,4.1505,16.100999975204466,0.6584413569212935,0.0014484523498026203,7.87449727083235,-20.709484886849737,1
CPT,2004,2,1.1134551216710283e-09,0.004598416086514678,2526300.0,68,4.084210526315789,15.998421167072497,0.6584413569212935,0.0014484523498026203,7.87449727083235,-20.61579793388616,1
CPT,2004,3,1.1746496927727058e-09,0.04361244969914724,3081000.0,66,3.826521739130435,17.687391198199727,0.6584413569212935,0.0014484523498026203,7.87449727083235,-20.56229586761147,1
CPT,2004,4,1.6957398371919897e-09,-0.058509448342109915,4465800.0,66,4.347619047619047,15.6985715230306,0.6584413569212935,0.0014484523498026203,7.87449727083235,-20.19514670922544,1
CPT,2004,5,1.0417176796363633e-09,0.10373314215014973,4553600.0,69,4.7155000000000005,17.704999876022338,0.6584413569212935,0.0014484523498026203,7.87449727083235,-20.68239487117436,1
CPT,2004,6,1.1471140661244354e-09,-0.005784670711101225,3590100.0,69,4.733809523809524,15.35714290255592,0.6584413569212935,0.0014484523498026203,7.87449727083235,-20.586016556381544,1
CPT,2004,7,1.3977718522403446e-09,-0.017467111772396238,2638300.0,68,4.498095238095239,15.502380916050502,0.6584413569212935,0.0014484523498026203,7.87449727083235,-20.38838640227504,1
CPT,2004,8,2.1109179946259248e-09,0.046221144841571915,3028700.0,67,4.281363636363636,16.684090744365346,0.6584413569212935,0.0014484523498026203,7.87449727083235,-19.97614291553022,1
CPT,2004,9,9.277419394356936e-10,-0.004941690887988681,4576100.0,70,4.1257142857142854,14.08095241728283,0.6584413569212935,0.0014484523498026203,7.87449727083235,-20.798267504319096,1
CPT,2004,10,7.722955400349715e-10,-0.017316279451847105,7035900.0,67,4.0969999999999995,14.973809560139975,0.6584413569212935,0.0014484523498026203,7.87449727083235,-20.98165381528264,1
CPT,2004,11,1.0037380183934824e-09,0.07995710713731463,5926800.0,69,4.194,13.577142897106352,0.6584413569212935,0.0014484523498026203,7.87449727083235,-20.719534787582177,1
CPT,2004,12,8.077326755643737e-10,0.053232091611082444,4926000.0,70,4.2309090909090905,12.459545438939875,0.6584413569212935,0.0014484523498026203,7.87449727083235,-20.936789959223216,1
CPT,2005,1,4.999932768504824e-10,-0.11156698596986925,6308200.0,71,4.221500000000001,13.43799991607666,0.6452768940854972,0.7068001995919926,8.409117660103348,-21.416426463895792,1
CPT,2005,2,6.008586828766291e-10,0.024055259104766913,6297800.0,70,4.165263157894737,11.708947482861971,0.6452768940854972,0.7068001995919926,8.409117660103348,-21.23266134568684,1
CPT,2005,3,6.24144903286641e-10,0.027525302366012472,8879300.0,69,4.497727272727273,13.126363667574795,0.6452768940854972,0.7068001995919926,8.409117660103348,-21.194638557711755,1
CPT,2005,4,6.153498711053276e-10,0.08441288136377456,5552100.0,70,4.3409523809523805,14.459047589983259,0.6452768940854972,0.7068001995919926,8.409117660103348,-21.20883011377585,1
CPT,2005,5,5.9850681443849e-10,0.011961025881037424,5844400.0,67,4.144285714285714,13.967618987673806,0.6452768940854972,0.7068001995919926,8.409117660103348,-21.2365832051332,1
CPT,2005,6,3.141576516117966e-10,0.05376873566461371,6348300.0,70,3.998181818181818,11.868636348030783,0.6452768940854972,0.7068001995919926,8.409117660103348,-21.88112618082107,1
CPT,2005,7,4.0504298252511e-10,0.028463879030676598,6527600.0,72,4.1775,11.049000024795532,0.6452768940854972,0.7068001995919926,8.409117660103348,-21.627027924761737,1
CPT,2005,8,8.591968879123471e-10,-0.05390706422301028,6181100.0,70,4.262608695652174,12.951304394265879,0.6452768940854972,0.7068001995919926,8.409117660103348,-20.875023014256453,1
CPT,2005,9,2.912312141804379e-10,0.07840232409756731,8569900.0,67,4.199047619047619,12.628095263526554,0.6452768940854972,0.7068001995919926,8.409117660103348,-21.95690361379692,1
CPT,2005,10,9.97906452695319e-10,0.010762023721899938,6420200.0,65,4.4635,14.937618982224237,0.6452768940854972,0.7068001995919926,8.409117660103348,-20.725361578784693,1
CPT,2005,11,4.4124623570750167e-10,0.04702653823022063,5859100.0,68,4.535,12.147619111197335,0.6452768940854972,0.7068001995919926,8.409117660103348,-21.54141803869193,1
CPT,2005,12,3.958019509216301e-10,-0.0075640061147036475,4164600.0,61,4.467142857142857,11.260000001816522,0.6452768940854972,0.7068001995919926,8.409117660103348,-21.650107153713034,1
CPT,2006,1,6.52474989051697e-10,0.12396204229234331,4886900.0,57,4.416,12.03600001335144,0.573082064085651,0.02189291454452391,8.430774366105908,-21.150248308421602,1
CPT,2006,2,3.3423438257860353e-10,0.011518752998457504,5996200.0,57,4.568947368421052,12.47105262154027,0.573082064085651,0.02189291454452391,8.430774366105908,-21.819178624811897,1
CPT,2006,3,3.300445210448255e-10,0.10408564869367765,10938500.0,56,4.7239130434782615,11.693913003672725,0.573082064085651,0.02189291454452391,8.430774366105908,-21.831793558310814,1
CPT,2006,4,3.9499120091035075e-10,-0.04607535374179739,6300600.0,54,4.990526315789474,11.847368441129985,0.573082064085651,0.02189291454452391,8.430774366105908,-21.65215762745187,1
CPT,2006,5,4.537781774231056e-10,0.03884667862861213,7533600.0,51,5.11,14.454545411196621,0.573082064085651,0.02189291454452391,8.430774366105908,-21.51341263327346,1
CPT,2006,6,3.868085421830537e-10,0.03970863938450875,8709300.0,46,5.106363636363636,16.91863627867265,0.573082064085651,0.02189291454452391,8.430774366105908,-21.67309126835579,1
CPT,2006,7,7.059988390017661e-10,0.039428615116860355,4739300.0,42,5.0875,15.325999879837036,0.573082064085651,0.02189291454452391,8.430774366105908,-21.07140752291008,1
CPT,2006,8,5.201337113108161e-10,0.014910255502003755,5651100.0,39,4.8765217391304345,13.351739137069039,0.573082064085651,0.02189291454452391,8.430774366105908,-21.376935200270978,1
CPT,2006,9,5.633120483354105e-10,-0.011853837451744509,4612600.0,33,4.718999999999999,12.184499979019165,0.573082064085651,0.02189291454452391,8.430774366105908,-21.297187381413355,1
CPT,2006,10,4.105262083437576e-10,0.0619659280404099,4825400.0,30,4.729047619047619,11.306363625959916,0.573082064085651,0.02189291454452391,8.430774366105908,-21.613581344144084,1
CPT,2006,11,3.8319898269347046e-10,-0.012263486199415419,9436200.0,31,4.595238095238095,10.817619051252093,0.573082064085651,0.02189291454452391,8.430774366105908,-21.682466724601884,1
CPT,2006,12,3.2994227149949004e-10,-0.06541220946416826,7178900.0,33,4.5645,10.964500045776367,0.573082064085651,0.02189291454452391,8.430774366105908,-21.83210341162094,1
CPT,2007,1,3.2686494880394835e-10,0.06161019133195178,7789200.0,33,4.7595238095238095,11.042500066757203,0.6419237500920102,0.06644279935892539,8.495102989615505,-21.84147403093908,1
CPT,2007,2,2.6447328979169074e-10,-0.08189009365280653,10295929.0,35,4.722631578947369,11.155263097662674,0.6419237500920102,0.06644279935892539,8.495102989615505,-22.053280853503725,1
CPT,2007,3,3.4465633786947366e-10,-0.01344473926798162,12554900.0,39,4.5645454545454545,15.162727269259365,0.6419237500920102,0.06644279935892539,8.495102989615505,-21.788473317474008,1
CPT,2007,4,2.1759402247635905e-10,-0.00938534002883129,9055700.0,36,4.6938095238095245,12.93299994468689,0.6419237500920102,0.06644279935892539,8.495102989615505,-22.248390071561396,1
CPT,2007,5,2.2480029869587778e-10,0.07178887814919732,17562200.0,33,4.746363636363636,13.297727324745871,0.6419237500920102,0.06644279935892539,8.495102989615505,-22.215808669191578,1
CPT,2007,6,3.253436724024072e-10,-0.09373628699609282,12074200.0,30,5.102857142857142,14.947618938627697,0.6419237500920102,0.06644279935892539,8.495102989615505,-21.846139038763106,1
CPT,2007,7,4.0538462878009993e-10,-0.17933347796035592,11992422.0,28,5.0042857142857144,17.273333277021134,0.6419237500920102,0.06644279935892539,8.495102989615505,-21.626184798810787,1
CPT,2007,8,4.691548426484902e-10,0.11881506031638889,15525037.0,24,4.674782608695652,25.026086724322774,0.6419237500920102,0.06644279935892539,8.495102989615505,-21.480088247070572,1
CPT,2007,9,4.4034538181943523e-10,0.056236253372986544,9387000.0,22,4.521578947368421,22.19894740456029,0.6419237500920102,0.06644279935892539,8.495102989615505,-21.543461738254646,1
CPT,2007,10,5.875648690815462e-10,-0.029572029284572587,10585200.0,20,4.527727272727272,19.115652084350586,0.6419237500920102,0.06644279935892539,8.495102989615505,-21.25503446054762,1
CPT,2007,11,6.817216740384376e-10,-0.1562156732912311,25193383.0,19,4.1485,25.582380930582683,0.6419237500920102,0.06644279935892539,8.495102989615505,-21.106399643964544,1
CPT,2007,12,7.279198756508673e-10,-0.0712340458509767,16496000.0,19,4.0975,21.651000022888184,0.6419237500920102,0.06644279935892539,8.495102989615505,-21.04083013470815,1
CPT,2008,1,6.651896816487355e-10,0.023054583559116937,21024000.0,18,3.744285714285714,25.816190719604492,0.6619100690816859,-0.0328002191888378,8.461752783311885,-21.130948880382615,1
CPT,2008,2,3.7292746361961976e-10,-0.03593088605635686,20882800.0,19,3.7375,25.456000137329102,0.6619100690816859,-0.0328002191888378,8.461752783311885,-21.709637182703712,1
CPT,2008,3,3.2284958130282747e-10,0.07144944849715262,24199800.0,20,3.5100000000000002,27.103500080108642,0.6619100690816859,-0.0328002191888378,8.461752783311885,-21.853834593735254,1
CPT,2008,4,4.833191322610558e-10,0.05398195879123491,15046500.0,20,3.675,21.562727321277965,0.6619100690816859,-0.0328002191888378,8.461752783311885,-21.450343951142532,1
CPT,2008,5,4.1266576528290915e-10,-0.06898666912260942,14340100.0,20,3.8800000000000003,18.303333009992325,0.6619100690816859,-0.0328002191888378,8.461752783311885,-21.608383135644708,1
CPT,2008,6,5.958062275536051e-10,-0.08742912842535278,15830400.0,19,4.099523809523809,22.11047617594401,0.6619100690816859,-0.0328002191888378,8.461752783311885,-21.241105623281022,1
CPT,2008,7,6.553982376488298e-10,0.1111643347495721,21708800.0,18,4.007727272727273,24.32136362249201,0.6619100690816859,-0.0328002191888378,8.461752783311885,-21.145778068637803,1
CPT,2008,8,7.549219555063151e-10,-0.007526060665623002,13986300.0,16,3.8857142857142852,20.695714133126394,0.6619100690816859,-0.0328002191888378,8.461752783311885,-21.0044067422129,1
CPT,2008,9,6.948657724922436e-10,-0.046591549838645,22576100.0,16,3.6861904761904762,30.238571348644438,0.6619100690816859,-0.0328002191888378,8.461752783311885,-21.08730242212104,1
CPT,2008,10,1.2436174190400517e-09,-0.264936527863177,30340500.0,17,3.814090909090909,61.1773912181025,0.6619100690816859,-0.0328002191888378,8.461752783311885,-20.505241430894433,1
CPT,2008,11,2.155335404071062e-09,-0.21477193527913363,25773200.0,14,3.526666666666667,62.639473362972865,0.6619100690816859,-0.0328002191888378,8.461752783311885,-19.95531948556117,1
CPT,2008,12,1.588763036176755e-09,0.21729292941685308,38174000.0,9,2.4163636363636365,52.405000166459516,0.6619100690816859,-0.0328002191888378,8.461752783311885,-20.260310088154533,1
CPT,2009,1,1.1712816676690041e-09,-0.15890300449568862,27639000.0,9,2.5175,44.68300018310547,0.6295706661394675,-0.02586345765274478,8.435548985361814,-20.565167245243874,1
CPT,2009,2,1.0844090433820146e-09,-0.2871785300380486,35051600.0,8,2.87,45.57052592227333,0.6295706661394675,-0.02586345765274478,8.435548985361814,-20.642230658812792,1
CPT,2009,3,1.3787427608441498e-09,0.18507483707244177,50087100.0,9,2.819545454545455,44.7954548922452,0.6295706661394675,-0.02586345765274478,8.435548985361814,-20.402093795895635,1
CPT,2009,4,1.1460963796010616e-09,0.25718367729090263,43504100.0,9,2.927142857142857,38.063809349423366,0.6295706661394675,-0.02586345765274478,8.435548985361814,-20.586904121316618,1
CPT,2009,5,4.723610664928084e-10,0.10652284968310921,61827700.0,14,3.293,31.97799997329712,0.6295706661394675,-0.02586345765274478,8.435548985361814,-21.4732774514014,1
CPT,2009,6,4.5909479562897777e-10,-0.06568547951658599,30453800.0,16,3.7218181818181817,29.140454725785688,0.6295706661394675,-0.02586345765274478,8.435548985361814,-21.50176440076686,1
CPT,2009,7,7.381469818591621e-10,0.06920296981038065,25175700.0,15,3.5622727272727275,26.16272735595703,0.6295706661394675,-0.02586345765274478,8.435548985361814,-21.026878148747485,1
CPT,2009,8,6.741586674296606e-10,0.24364421607234776,22573100.0,17,3.587142857142857,25.33714285350981,0.6295706661394675,-0.02586345765274478,8.435548985361814,-21.1175556211045,1
CPT,2009,9,4.4788238561355743e-10,0.11020455402986573,23229100.0,18,3.401904761904762,24.926666713896253,0.6295706661394675,-0.02586345765274478,8.435548985361814,-21.526490450093746,1
CPT,2009,10,5.564033998632884e-10,-0.10049613265917545,20767400.0,19,3.3876190476190478,24.252272865988992,0.6295706661394675,-0.02586345765274478,8.435548985361814,-21.30952754543192,1
CPT,2009,11,7.275358999594022e-10,0.06896725177480034,15921300.0,17,3.4026315789473687,23.783499908447265,0.6295706661394675,-0.02586345765274478,8.435548985361814,-21.04135777107719,1
CPT,2009,12,5.325653950596826e-10,0.10588644459457153,19022200.0,17,3.5900000000000003,21.239545475352894,0.6295706661394675,-0.02586345765274478,8.435548985361814,-21.35331541826139,1
CPT,2010,1,3.109871169646464e-10,-0.08496521049717154,21045200.0,16,3.7331578947368427,20.643157758210833,0.6052336545640745,0.019908424459293528,8.455261828685666,-21.891269629158312,1
CPT,2010,2,3.2342157286118245e-10,0.033013408039944236,18139000.0,15,3.691052631578947,22.540000012046413,0.6052336545640745,0.019908424459293528,8.455261828685666,-21.852064464574998,1
CPT,2010,3,3.3080920679811094e-10,0.050507702868606286,17952200.0,17,3.7273913043478264,17.767391287762187,0.6052336545640745,0.019908424459293528,8.455261828685666,-21.829479321249412,1
CPT,2010,4,4.889687284608441e-10,0.1633428193995956,21205000.0,15,3.8468181818181817,17.42428566160656,0.6052336545640745,0.019908424459293528,8.455261828685666,-21.438722578476387,1
CPT,2010,5,5.312428237211615e-10,-0.05760859728009515,22640200.0,19,3.4200000000000004,31.929500007629393,0.6052336545640745,0.019908424459293528,8.455261828685666,-21.355801904070738,1
CPT,2010,6,4.565068671328979e-10,-0.09564887403146227,20028100.0,22,3.2040909090909087,29.91636371612549,0.6052336545640745,0.019908424459293528,8.455261828685666,-21.507417372999228,1
CPT,2010,7,5.359884697849836e-10,0.11431797775450736,17597900.0,16,3.0114285714285716,25.565237862723215,0.6052336545640745,0.019908424459293528,8.455261828685666,-21.346908466684305,1
CPT,2010,8,4.3095442821842587e-10,0.005272576938252671,14314200.0,14,2.6986363636363637,24.745908997275613,0.6052336545640745,0.019908424459293528,8.455261828685666,-21.56501876640719,1
CPT,2010,9,3.8443198468461215e-10,0.058173650940874344,16626700.0,13,2.6476190476190475,22.51761899675642,0.6052336545640745,0.019908424459293528,8.455261828685666,-21.679254235518115,1
CPT,2010,10,2.3291840308862444e-10,0.03377181840751131,14348700.0,13,2.54,20.3733332497733,0.6052336545640745,0.019908424459293528,8.455261828685666,-22.180332925034033,1
CPT,2010,11,4.5112618510441293e-10,0.02984484308486257,13346500.0,15,2.763,20.095714387439546,0.6052336545640745,0.019908424459293528,8.455261828685666,-21.51927402597118,1
CPT,2010,12,3.831984228630439e-10,0.06631866505141537,11261900.0,16,3.290909090909091,17.569545529105447,0.6052336545640745,0.019908424459293528,8.455261828685666,-21.68246818554218,1
CPT,2011,1,2.66822699717228e-10,0.026861903287808353,11644200.0,16,3.3939999999999997,17.31549987792969,0.5833704559099538,-0.016524754470303438,8.438599017444345,-22.044436724107392,1
CPT,2011,2,1.7759584512369975e-10,0.06747301283863738,13744700.0,16,3.5763157894736843,17.4299999036287,0.5833704559099538,-0.016524754470303438,8.438599017444345,-22.451510680217897,1
CPT,2011,3,3.2548482651942696e-10,-0.03126248003550769,13186500.0,16,3.4143478260869564,20.72347815140434,0.5833704559099538,-0.016524754470303438,8.438599017444345,-21.84570527128222,1
CPT,2011,4,2.76473885096351e-10,0.10436386957866728,10514000.0,17,3.4549999999999996,16.244000005722047,0.5833704559099538,-0.016524754470303438,8.438599017444345,-22.008904747541127,1
CPT,2011,5,2.362351370880618e-10,0.024383091630646447,11954300.0,16,3.168571428571429,16.911428587777273,0.5833704559099538,-0.016524754470303438,8.438599017444345,-22.16619346333029,1
CPT,2011,6,2.039481530030035e-10,-0.002595452919900487,17452900.0,16,3.002272727272727,19.15318202972412,0.5833704559099538,-0.016524754470303438,8.438599017444345,-22.313155306332472,1
CPT,2011,7,2.97640805252457e-10,0.054228121148638175,11240600.0,13,3.003,19.22749991416931,0.5833704559099538,-0.016524754470303438,8.438599017444345,-21.935133707945358,1
CPT,2011,8,4.756176926639376e-10,-0.0037267221670073125,20267500.0,15,2.3030434782608693,35.02913035517154,0.5833704559099538,-0.016524754470303438,8.438599017444345,-21.466406751080687,1
CPT,2011,9,3.2093124603272953e-10,-0.16569431153444325,22234600.0,15,1.975238095238095,36.52999977838425,0.5833704559099538,-0.016524754470303438,8.438599017444345,-21.85979420255373,1
CPT,2011,10,6.141583248309326e-10,0.09736123334173286,16360000.0,14,2.152,32.82904770260765,0.5833704559099538,-0.016524754470303438,8.438599017444345,-21.21076836299024,1
CPT,2011,11,4.5391189555648266e-10,-0.04798800446731222,14816800.0,17,2.0134999999999996,31.941904703776043,0.5833704559099538,-0.016524754470303438,8.438599017444345,-21.513117999370714,1
CPT,2011,12,3.881145454255039e-10,0.08722904373796836,12469800.0,19,1.9780952380952381,25.047619047619047,0.5833704559099538,-0.016524754470303438,8.438599017444345,-21.66972059970535,1
CPT,2012,1,2.1899832211429017e-10,0.036313958567161464,21380500.0,21,1.9665,20.227999877929687,0.5122332211487396,0.16509835950303708,8.591404529656073,-22.241957047719982,1
CPT,2012,2,2.3721186617277056e-10,-0.03876034324499855,12590300.0,25,1.9675,18.420499992370605,0.5122332211487396,0.16509835950303708,8.591404529656073,-22.162067424032752,1
CPT,2012,3,2.5195778319576097e-10,0.06978250382304285,13460400.0,28,2.1727272727272724,16.16727287119085,0.5122332211487396,0.16509835950303708,8.591404529656073,-22.101759569452287,1
CPT,2012,4,2.3674871212490207e-10,0.029199968804996868,11494100.0,28,2.052857142857143,17.822999906539916,0.5122332211487396,0.16509835950303708,8.591404529656073,-22.164021823687495,1
CPT,2012,5,2.2484608541394526e-10,-0.03783334718451503,14360500.0,24,1.8031818181818182,21.001818136735395,0.5122332211487396,0.16509835950303708,8.591404529656073,-22.21560501263014,1
CPT,2012,6,2.8709888268055167e-10,0.048208381587902194,13060200.0,28,1.6223809523809525,21.130952290126256,0.5122332211487396,0.16509835950303708,8.591404529656073,-21.97119442055222,1
CPT,2012,7,1.3153154757781828e-10,0.053789110517106886,10707300.0,29,1.5266666666666668,17.565238180614653,0.5122332211487396,0.16509835950303708,8.591404529656073,-22.75177438754872,1
CPT,2012,8,1.1684512187899628e-10,-0.026363345861268872,19395600.0,35,1.6782608695652175,15.689565119536027,0.5122332211487396,0.16509835950303708,8.591404529656073,-22.870171802678637,1
CPT,2012,9,1.190360075663272e-10,-0.06309188900815177,15784400.0,37,1.7231578947368422,15.284736834074321,0.5122332211487396,0.16509835950303708,8.591404529656073,-22.85159508399552,1
CPT,2012,10,1.8912782502420145e-10,0.017675128343603186,11011200.0,40,1.7461904761904763,16.276190576099214,0.5122332211487396,0.16509835950303708,8.591404529656073,-22.388598006592783,1
CPT,2012,11,2.57831742061776e-10,0.0010659503609391496,12036700.0,41,1.654,16.70190484183175,0.5122332211487396,0.16509835950303708,8.591404529656073,-22.078713906308685,1
CPT,2012,12,1.568304346413705e-10,0.04695033347417921,9655500.0,45,1.719,17.306999826431273,0.5122332211487396,0.16509835950303708,8.591404529656073,-22.575855928368785,1
CPT,2013,1,1.401705335018605e-10,0.017297792366798292,9057300.0,47,1.9147619047619049,13.505238124302455,0.5099233133545485,0.0458609307186475,8.636244933035858,-22.68816133815495,1
CPT,2013,2,1.7967495456488835e-10,-0.0036029686364895674,12250300.0,47,1.9842105263157896,14.07263163516396,0.5099233133545485,0.0458609307186475,8.636244933035858,-22.43987170544794,1
CPT,2013,3,1.5310390449289563e-10,0.002348505618937624,10552200.0,46,1.9575,13.031500005722046,0.5099233133545485,0.0458609307186475,8.636244933035858,-22.59990431069725,1
CPT,2013,4,2.462408095980287e-10,0.05329279756858729,11612900.0,44,1.7590909090909093,13.967272715135055,0.5099233133545485,0.0458609307186475,8.636244933035858,-22.124711158002135,1
CPT,2013,5,1.6888704972963065e-10,-0.042712993835424595,14164800.0,41,1.9281818181818182,13.493636304681951,0.5099233133545485,0.0458609307186475,8.636244933035858,-22.501790969242506,1
CPT,2013,6,3.592982766542339e-10,0.007678510292416174,14455800.0,44,2.3,17.271499919891358,0.5099233133545485,0.0458609307186475,8.636244933035858,-21.74686821821848,1
CPT,2013,7,1.7374919860055746e-10,0.020248980578807085,12432300.0,51,2.5822727272727275,13.97454565221613,0.5099233133545485,0.0458609307186475,8.636244933035858,-22.473408243865176,1
CPT,2013,8,2.655877595049891e-10,-0.12404359096481632,12670300.0,56,2.7372727272727273,14.209999908100475,0.5099233133545485,0.0458609307186475,8.636244933035858,-22.049075785589366,1
CPT,2013,9,3.122093477548802e-10,0.004220091646129465,12926600.0,58,2.8095,14.692000102996825,0.5099233133545485,0.0458609307186475,8.636244933035858,-21.887347166735942,1
CPT,2013,10,2.5275282751370035e-10,0.044919864263618825,14756500.0,57,2.6159090909090907,15.407826050468113,0.5099233133545485,0.0458609307186475,8.636244933035858,-22.098609071092717,1
CPT,2013,11,3.803490236728639e-10,-0.09781925094853994,9895400.0,54,2.718421052631579,12.923999977111816,0.5099233133545485,0.0458609307186475,8.636244933035858,-21.689931801406203,1
CPT,2013,12,2.965771696058774e-10,-0.007062743136435401,12120600.0,54,2.901904761904762,14.192380905151367,0.5099233133545485,0.0458609307186475,8.636244933035858,-21.938713662869482,1
CPT,2014,1,2.6008070026721523e-10,0.08684820653190672,12960100.0,57,2.858095238095238,14.240952400934129,0.523121454564186,0.07541821129833237,8.708954552727361,-22.070029147429544,1
CPT,2014,2,1.4679585396070742e-10,0.07893783145936872,17150700.0,56,2.709473684210526,15.470000116448654,0.523121454564186,0.07541821129833237,8.708954552727361,-22.64197824292144,1
CPT,2014,3,2.3822746367720264e-10,0.019610343212946635,10504809.0,46,2.723333333333333,14.836666742960611,0.523121454564186,0.07541821129833237,8.708954552727361,-22.157795168939806,1
CPT,2014,4,2.3205659382984076e-10,0.01707846174989669,8979548.0,46,2.705238095238095,14.198095321655273,0.523121454564186,0.07541821129833237,8.708954552727361,-22.18403983508877,1
CPT,2014,5,1.3495899669217332e-10,0.025552133151713452,11465891.0,46,2.559047619047619,12.475238028026762,0.523121454564186,0.07541821129833237,8.708954552727361,-22.726050111830997,1
CPT,2014,6,2.2671178968965328e-10,0.022504487897949454,8615905.0,45,2.5985714285714288,11.541428565979004,0.523121454564186,0.07541821129833237,8.708954552727361,-22.207341554078504,1
CPT,2014,7,2.0253376226984838e-10,0.017007232945981166,8213390.0,49,2.5422727272727275,12.296363613822244,0.523121454564186,0.07541821129833237,8.708954552727361,-22.32011451602089,1
CPT,2014,8,1.9334794107051333e-10,0.03427260009289834,8715308.0,53,2.42,13.497142927987236,0.523121454564186,0.07541821129833237,8.708954552727361,-22.366529746649224,1
CPT,2014,9,1.7011850184780185e-10,-0.07545576591907854,13771657.0,55,2.5342857142857143,13.466666630336217,0.523121454564186,0.07541821129833237,8.708954552727361,-22.494525852025568,1
CPT,2014,10,1.495487728156129e-10,0.11877988937916162,15910982.0,59,2.304090909090909,18.01608711740245,0.523121454564186,0.07541821129833237,8.708954552727361,-22.623398536733045,1
CPT,2014,11,1.8611119657013469e-10,0.0001299947433792692,10494770.0,54,2.3255555555555554,13.41315786462081,0.523121454564186,0.07541821129833237,8.708954552727361,-22.404676789822894,1
CPT,2014,12,1.616436759361415e-10,-0.028258179117353066,18760379.0,58,2.2072727272727275,16.3118182962591,0.523121454564186,0.07541821129833237,8.708954552727361,-22.545626734476354,1
CPT,2015,1,1.9016744001357956e-10,0.04347012313566667,16662014.0,58,1.8815000000000002,19.119499969482423,0.5208542715232446,-0.0031856193268280375,8.705763848513403,-22.38311616862315,1
CPT,2015,2,2.059889387301117e-10,-0.05528957153173897,13908104.0,57,1.9752631578947368,15.904210492184287,0.5208542715232446,-0.0031856193268280375,8.705763848513403,-22.303198644065517,1
CPT,2015,3,1.5727896801717671e-10,0.08305974297723173,16170481.0,55,2.0427272727272725,14.812727277929133,0.5208542715232446,-0.0031856193268280375,8.705763848513403,-22.573000020988292,1
CPT,2015,4,1.9738126760832626e-10,-0.039037115055666205,11376439.0,52,1.935,13.494761875697545,0.5208542715232446,-0.0031856193268280375,8.705763848513403,-22.345883889033225,1
CPT,2015,5,2.588167415219899e-10,-0.001331413470537779,9660101.0,56,2.1975000000000002,13.3385000705719,0.5208542715232446,-0.0031856193268280375,8.705763848513403,-22.074900866360085,1
CPT,2015,6,2.3823666423780055e-10,-6.04443005030042e-05,11515434.0,54,2.3636363636363638,14.33954551003196,0.5208542715232446,-0.0031856193268280375,8.705763848513403,-22.157756548779084,1
CPT,2015,7,1.0557025440281316e-10,0.07202400700658007,14350347.0,60,2.3245454545454547,14.35272723978216,0.5208542715232446,-0.0031856193268280375,8.705763848513403,-22.971644466127696,1
CPT,2015,8,1.5439525977989728e-10,-0.09544362183518562,18473336.0,60,2.1671428571428573,19.42809536343529,0.5208542715232446,-0.0031856193268280375,8.705763848513403,-22.591505179716556,1
CPT,2015,9,2.442675622943689e-10,0.03605075129410995,13053210.0,61,2.172857142857143,24.3771428607759,0.5208542715232446,-0.0031856193268280375,8.705763848513403,-22.132756924645335,1
CPT,2015,10,1.7828110004769176e-10,-0.001488912959047628,15379152.0,61,2.07,16.789545449343596,0.5208542715232446,-0.0031856193268280375,8.705763848513403,-22.447659597532166,1
CPT,2015,11,2.4560626933106335e-10,0.03510156817855026,12274417.0,65,2.263157894736842,16.209999990463256,0.5208542715232446,-0.0031856193268280375,8.705763848513403,-22.127291393389083,1
CPT,2015,12,2.3292206073255977e-10,0.014411673591934182,14420758.0,62,2.2427272727272727,18.02545473792336,0.5208542715232446,-0.0031856193268280375,8.705763848513403,-22.18031722161529,1
CPT,2016,1,3.0709809256375767e-10,-0.005991231391085816,12641224.0,60,2.0852631578947367,23.717894805105107,0.4864839174592811,-0.0015668446399006442,8.70419577508873,-21.90385389962526,1
CPT,2016,2,2.0351311300312332e-10,-0.020447567775584097,11891890.0,61,1.7795,22.516999816894533,0.4864839174592811,-0.0015668446399006442,8.70419577508873,-22.31529067576011,1
CPT,2016,3,1.8883851509547155e-10,0.1352064117874492,12028572.0,58,1.8890909090909092,15.849090966311367,0.4864839174592811,-0.0015668446399006442,8.70419577508873,-22.39012888357585,1
CPT,2016,4,1.7027302040886528e-10,-0.039957936844140285,13135213.0,58,1.805238095238095,14.300476255871,0.4864839174592811,-0.0015668446399006442,8.70419577508873,-22.493617964715963,1
CPT,2016,5,1.8589226035624436e-10,0.0554932115625133,13626454.0,58,1.8061904761904761,14.852857044764928,0.4864839174592811,-0.0015668446399006442,8.70419577508873,-22.40585385543931,1
CPT,2016,6,1.8663468093700982e-10,0.04674704580542555,13716567.0,58,1.6440909090909093,17.774545496160332,0.4864839174592811,-0.0015668446399006442,8.70419577508873,-22.40186798767308,1
CPT,2016,7,1.5733487893800927e-10,0.013233131978468204,10638477.0,60,1.504,13.158500051498413,0.4864839174592811,-0.0015668446399006442,8.70419577508873,-22.572644595300822,1
CPT,2016,8,1.8484829483143762e-10,-0.02031366239638399,11510351.0,58,1.556521739130435,12.399565240611201,0.4864839174592811,-0.0015668446399006442,8.70419577508873,-22.41148565519523,1
CPT,2016,9,1.9456353147994707e-10,0.010996329627368295,17512420.0,59,1.6304761904761906,14.219523793175107,0.4864839174592811,-0.0015668446399006442,8.70419577508873,-22.36026236620555,1
CPT,2016,10,1.86574055511353e-10,-0.027466464761083942,12510351.0,65,1.7645,14.58523804800851,0.4864839174592811,-0.0015668446399006442,8.70419577508873,-22.402192875170442,1
CPT,2016,11,2.1270600915303162e-10,-0.03352168431602842,15063469.0,63,2.1420000000000003,15.236190387180873,0.4864839174592811,-0.0015668446399006442,8.70419577508873,-22.27111014234413,1
CPT,2016,12,1.5174321339632697e-10,0.07813511501656079,15896161.0,63,2.491904761904762,12.472380956013998,0.4864839174592811,-0.0015668446399006442,8.70419577508873,-22.608831409253742,1
CPT,2017,1,1.3897369322162068e-10,-0.005948855240973994,11012829.0,69,2.4325,11.608500003814697,0.4355594041091409,0.024152675645869426,8.728061387902565,-22.69673645810771,1
CPT,2017,2,1.8726932121302285e-10,0.012923101646347579,12687606.0,67,2.4189473684210525,11.530526361967388,0.4355594041091409,0.024152675645869426,8.728061387902565,-22.39847331480614,1
CPT,2017,3,1.426419917632223e-10,-0.040639125619064465,13514816.0,65,2.4817391304347827,11.897826111834982,0.4355594041091409,0.024152675645869426,8.728061387902565,-22.670683178903975,1
CPT,2017,4,1.261655390122562e-10,0.02324187121560306,9981994.0,71,2.2973684210526315,13.136315847698011,0.4355594041091409,0.024152675645869426,8.728061387902565,-22.793426269574766,1
CPT,2017,5,1.269129296665091e-10,0.011904271411866008,10540377.0,68,2.3036363636363637,10.862272782759232,0.4355594041091409,0.024152675645869426,8.728061387902565,-22.787519857773525,1
CPT,2017,6,1.4041724630356e-10,0.03534532900009224,10993470.0,69,2.186818181818182,10.513636328957297,0.4355594041091409,0.024152675645869426,8.728061387902565,-22.68640279496073,1
CPT,2017,7,2.0787628112985927e-10,0.04900109752290782,12849551.0,66,2.318,10.264499998092651,0.4355594041091409,0.024152675645869426,8.728061387902565,-22.294078015452563,1
CPT,2017,8,1.273423528786497e-10,-0.002450445277563662,11004173.0,64,2.2091304347826086,11.97565215566884,0.4355594041091409,0.024152675645869426,8.728061387902565,-22.78414196437318,1
CPT,2017,9,7.500465808800886e-11,0.03039438951906126,20446521.0,67,2.202,10.437999963760376,0.4355594041091409,0.024152675645869426,8.728061387902565,-23.31347089648073,1
CPT,2017,10,8.095752111680356e-11,-0.0022946709589930503,13565000.0,64,2.3600000000000003,10.125454512509434,0.4355594041091409,0.024152675645869426,8.728061387902565,-23.23709652947471,1
CPT,2017,11,1.3257879793092772e-10,0.0004384756548097002,14556497.0,68,2.3533333333333335,10.540476163228353,0.4355594041091409,0.024152675645869426,8.728061387902565,-22.74384394590156,1
CPT,2017,12,1.4561925011661469e-10,0.01677277884916939,11204717.0,69,2.4025,10.264500045776368,0.4355594041091409,0.024152675645869426,8.728061387902565,-22.650025776565858,1
CPT,2018,1,2.473663455144354e-10,-0.05974677471099232,9713215.0,74,2.583809523809524,11.062381017775763,0.4557348350838786,0.007424663267759035,8.735458624032514,-22.120150697905597,1
CPT,2018,2,2.6092356617319e-10,-0.07913724533077982,15552522.0,72,2.8589473684210525,22.464736637316253,0.4557348350838786,0.007424663267759035,8.735458624032514,-22.066793601405912,1
CPT,2018,3,1.840710750938268e-10,0.06575088815099228,14022204.0,71,2.8423809523809522,19.023809750874836,0.4557348350838786,0.007424663267759035,8.735458624032514,-22.415699155221738,1
CPT,2018,4,1.7229366657826244e-10,0.014493593421730289,10475752.0,70,2.869047619047619,18.26761904216948,0.4557348350838786,0.007424663267759035,8.735458624032514,-22.48182073117669,1
CPT,2018,5,2.1952094552601775e-10,0.030443704031124064,10834612.0,68,2.977727272727273,14.124545487490566,0.4557348350838786,0.007424663267759035,8.735458624032514,-22.239573464157147,1
CPT,2018,6,1.5285969360364397e-10,0.0443263198993924,14056695.0,70,2.9123809523809525,13.678095318022228,0.4557348350838786,0.007424663267759035,8.735458624032514,-22.601500650540494,1
CPT,2018,7,1.8647960234498834e-10,0.016022994886462527,8241210.0,68,2.889047619047619,13.147619065784273,0.4557348350838786,0.007424663267759035,8.735458624032514,-22.402699253630452,1
CPT,2018,8,1.4584772449314804e-10,0.026675115912319303,9114332.0,68,2.889130434782609,12.546956518422002,0.4557348350838786,0.007424663267759035,8.735458624032514,-22.648458021429033,1
CPT,2018,9,1.4736133467402133e-10,-0.0073881214071116474,9706506.0,67,3.004210526315789,12.910526325828151,0.4557348350838786,0.007424663267759035,8.735458624032514,-22.638133486228437,1
CPT,2018,10,2.358785745814108e-10,-0.035267770425862266,13524866.0,67,3.152272727272727,19.352173639380414,0.4557348350838786,0.007424663267759035,8.735458624032514,-22.167703957796483,1
CPT,2018,11,1.2211483741302395e-10,0.05417112274228697,13132802.0,68,3.117,19.389047622680664,0.4557348350838786,0.007424663267759035,8.735458624032514,-22.826059223660483,1
CPT,2018,12,2.4790601176526943e-10,-0.06692946954983969,14051108.0,60,2.8326315789473684,24.953157726087067,0.4557348350838786,0.007424663267759035,8.735458624032514,-22.117971426413924,1
CPT,2019,1,2.225813987344421e-10,0.10107824240635699,9936274.0,56,2.713809523809524,19.57238079252697,0.4514748750241535,0.08504070849731793,8.81707612967347,-22.225728244215567,1
CPT,2019,2,8.123961291357457e-11,0.011759481459979737,14431327.0,58,2.6763157894736844,15.234736844112998,0.4514748750241535,0.08504070849731793,8.81707612967347,-23.233618143954764,1
CPT,2019,3,9.26780973430057e-11,0.042904106026210975,13065783.0,62,2.570952380952381,14.485238075256348,0.4514748750241535,0.08504070849731793,8.81707612967347,-23.101888945890966,1
CPT,2019,4,1.8205078760051981e-10,-0.008374879204687713,8769070.0,62,2.532380952380952,12.949047588166737,0.4514748750241535,0.08504070849731793,8.81707612967347,-22.426735415029622,1
CPT,2019,5,1.9671715803689848e-10,0.026925833969664525,8700813.0,63,2.395,16.721818056973543,0.4514748750241535,0.08504070849731793,8.81707612967347,-22.349254164867045,1
CPT,2019,6,1.4909633952417052e-10,0.0177594661613365,10132923.0,66,2.074,15.835999870300293,0.4514748750241535,0.08504070849731793,8.81707612967347,-22.62642844493427,1
CPT,2019,7,1.7411584755969605e-10,-0.006514355772998415,9888697.0,64,2.059090909090909,13.30590907010165,0.4514748750241535,0.08504070849731793,8.81707612967347,-22.47130024768127,1
CPT,2019,8,1.488946126087099e-10,0.04377440711777947,10408803.0,65,1.6263636363636365,18.979090907356955,0.4514748750241535,0.08504070849731793,8.81707612967347,-22.6277823581644,1
CPT,2019,9,1.2590201580401204e-10,0.03290019683832712,9632218.0,67,1.6995,15.558999872207641,0.4514748750241535,0.08504070849731793,8.81707612967347,-22.79551716385462,1
CPT,2019,10,1.2571925812708747e-10,0.030266596824623404,7921514.0,68,1.7068181818181818,15.466521760691768,0.4514748750241535,0.08504070849731793,8.81707612967347,-22.79696980501017,1
CPT,2019,11,1.3953257705970808e-10,-0.0246546585295907,9529721.0,71,1.8121052631578947,12.523499965667725,0.4514748750241535,0.08504070849731793,8.81707612967347,-22.69272301462065,1
CPT,2019,12,1.1894399232001977e-10,-0.041626260424363126,11504181.0,71,1.8628571428571428,13.756666637602306,0.4514748750241535,0.08504070849731793,8.81707612967347,-22.85236838638174,1
CPT,2020,1,1.0321930130373846e-10,0.059658153572331285,13932360.0,76,1.7576190476190479,13.94095243726458,0.5115140370431696,0.0667478303339526,8.881690738854353,-22.994165252231667,1
CPT,2020,2,1.5544273999693066e-10,-0.05736784491775904,11831223.0,75,1.5042105263157897,19.628947358382376,0.5115140370431696,0.0667478303339526,8.881690738854353,-22.58474368365413,1
CPT,2020,3,5.203998507219236e-10,-0.2448648435860704,30327719.0,74,0.87,57.7368184002963,0.5115140370431696,0.0667478303339526,8.881690738854353,-21.37642365614281,1
CPT,2020,4,4.184916129994573e-10,0.1114338727212103,19706769.0,72,0.6576190476190477,41.45380964733305,0.5115140370431696,0.0667478303339526,8.881690738854353,-21.594364266822396,1
CPT,2020,5,2.765072631647212e-10,0.03974198639677495,17169547.0,30,0.674,30.89700002670288,0.5115140370431696,0.0667478303339526,8.881690738854353,-22.008784027084324,1
CPT,2020,6,2.701058674866305e-10,0.005376064384401413,18993075.0,37,0.7286363636363636,31.11954550309615,0.5115140370431696,0.0667478303339526,8.881690738854353,-22.03220713197966,1
CPT,2020,7,2.3250109678558336e-10,-0.004491440604261099,14218396.0,58,0.6236363636363637,26.840454621748492,0.5115140370431696,0.0667478303339526,8.881690738854353,-22.182126173554916,1
CPT,2020,8,2.1019141843710313e-10,0.0014324425639444804,12805957.0,72,0.65,22.88952382405599,0.5115140370431696,0.0667478303339526,8.881690738854353,-22.28300248402269,1
CPT,2020,9,1.6761908862945997e-10,-0.012469435429519393,17899004.0,78,0.6795238095238095,27.647619065784273,0.5115140370431696,0.0667478303339526,8.881690738854353,-22.509327040395466,1
CPT,2020,10,2.2432038014240025e-10,0.03663685753810375,15643758.0,83,0.7871428571428571,29.438636086203836,0.5115140370431696,0.0667478303339526,8.881690738854353,-22.21794581744039,1
CPT,2020,11,2.0876449244665268e-10,0.07144480201566017,19150521.0,85,0.8700000000000001,24.995500087738037,0.5115140370431696,0.0667478303339526,8.881690738854353,-22.289814329713234,1
CPT,2020,12,1.8839321329327587e-10,0.019581795995126106,12426359.0,90,0.9336363636363636,22.374090974981133,0.5115140370431696,0.0667478303339526,8.881690738854353,-22.392489777294593,1
CPT,2021,1,2.0911790443414376e-10,0.022317174988838895,10782714.0,86,1.0810526315789473,24.90999984741211,0.4651660368389065,0.10804794920149474,8.984290601695703,-22.288122886980123,1
CPT,2021,2,1.4939822045958563e-10,0.019578944431144496,15793519.0,83,1.2578947368421052,23.140526219418174,0.4651660368389065,0.10804794920149474,8.984290601695703,-22.624405754548523,1
CPT,2021,3,1.570465239718448e-10,0.06318966324683517,17132060.0,84,1.6108695652173912,21.843043534652047,0.4651660368389065,0.10804794920149474,8.984290601695703,-22.57447902344675,1
CPT,2021,4,1.1596959954237457e-10,0.09616968428159556,14256670.0,82,1.635,17.416190556117467,0.4651660368389065,0.10804794920149474,8.984290601695703,-22.877693032079854,1
CPT,2021,5,1.227786119645914e-10,0.04067070327016342,13057037.0,83,1.621,19.7604998588562,0.4651660368389065,0.10804794920149474,8.984290601695703,-22.820638285054255,1
CPT,2021,6,6.669166981177398e-11,0.06470052745688504,18907238.0,83,1.5190909090909093,16.956818147139117,0.4651660368389065,0.10804794920149474,8.984290601695703,-23.430941061184622,1
CPT,2021,7,1.1467596327494382e-10,0.1260263264132191,11591906.0,81,1.3185714285714287,17.60333351861863,0.4651660368389065,0.10804794920149474,8.984290601695703,-22.88891067543748,1
CPT,2021,8,9.690874914280013e-11,0.004350591012477922,13093731.0,80,1.2831818181818182,17.47772723978216,0.4651660368389065,0.10804794920149474,8.984290601695703,-23.05725131067639,1
CPT,2021,9,8.514131416112752e-11,-0.011691987591613162,16127798.0,75,1.3747619047619049,19.8247617994036,0.4651660368389065,0.10804794920149474,8.984290601695703,-23.18670872035136,1
CPT,2021,10,1.3528982275739748e-10,0.1059895588644777,10030012.0,76,1.5825,17.869047573634557,0.4651660368389065,0.10804794920149474,8.984290601695703,-22.72360180340803,1
CPT,2021,11,1.1018201064771481e-10,0.01293651834921472,11855483.0,80,1.5595,18.500476246788388,0.4651660368389065,0.10804794920149474,8.984290601695703,-22.92888747529649,1
CPT,2021,12,1.0633408673288577e-10,0.08660785313645625,14824562.0,83,1.4649999999999999,21.354545506564055,0.4651660368389065,0.10804794920149474,8.984290601695703,-22.964435216574664,1
CPT,2022,1,1.0645652941082112e-10,-0.10404277915542792,17097584.0,84,1.764,23.18100004196167,0.45787347360375047,0.16938543152227759,9.140768940298413,-22.963284388651253,1
CPT,2022,2,9.164566530855331e-11,0.03135835997371994,17722048.0,83,1.9342105263157894,25.74842111687911,0.45787347360375047,0.16938543152227759,9.140768940298413,-23.113091438903684,1
CPT,2022,3,7.759698844211881e-11,0.012180618837430934,23244289.0,81,2.1278260869565218,26.968695682028066,0.45787347360375047,0.16938543152227759,9.140768940298413,-23.279492498228034,1
CPT,2022,4,7.219222304009817e-11,-0.05601564461667985,42589432.0,79,2.7475,24.37350015640259,0.45787347360375047,0.16938543152227759,9.140768940298413,-23.351688789957414,1
CPT,2022,5,1.1484432346882652e-10,-0.08541387486834529,18714858.0,77,2.8980952380952383,29.445714587257022,0.45787347360375047,0.16938543152227759,9.140768940298413,-22.887443613623752,1
CPT,2022,6,1.2812383945512534e-10,-0.05621528174873025,20177687.0,69,3.1433333333333335,28.100000018165225,0.45787347360375047,0.16938543152227759,9.140768940298413,-22.778023823988114,1
CPT,2022,7,1.1421265200763477e-10,0.04922561450969898,11170221.0,67,2.896,24.86850004196167,0.45787347360375047,0.16938543152227759,9.140768940298413,-22.89295903668527,1
CPT,2022,8,1.2525049184952445e-10,-0.0892250837057621,17301076.0,55,2.8978260869565218,22.169565366662066,0.45787347360375047,0.16938543152227759,9.140768940298413,-22.800705449028975,1
CPT,2022,9,1.17015512109109e-10,-0.06311142300681405,19092146.0,49,3.5190476190476194,27.406190418061755,0.45787347360375047,0.16938543152227759,9.140768940298413,-22.86871460778989,1
CPT,2022,10,1.8766318710134703e-10,-0.03265168667347551,19634744.0,46,3.9835000000000003,30.005714416503906,0.45787347360375047,0.16938543152227759,9.140768940298413,-22.396372317829496,1
CPT,2022,11,1.591713401625139e-10,0.04136594816058525,18721340.0,38,3.8909999999999996,23.436190650576638,0.45787347360375047,0.16938543152227759,9.140768940298413,-22.561039882829363,1
CPT,2022,12,1.2390369612941597e-10,-0.06260745282163294,17396420.0,33,3.616190476190476,21.784285681588308,0.45787347360375047,0.16938543152227759,9.140768940298413,-22.81151649618541,1
CPT,2023,1,1.5977411612320217e-10,0.10127117625117776,17176812.0,31,3.5315,20.202999973297118,0.4616461437484875,0.005982245802527597,9.1467333635126,-22.557260072416877,1
CPT,2023,2,9.214086367676638e-11,-0.0685831811950317,18065200.0,35,3.7468421052631578,20.06210537960655,0.4616461437484875,0.005982245802527597,9.1467333635126,-23.107702582937833,1
CPT,2023,3,1.711111190444793e-10,-0.07758942734343555,22308317.0,42,3.6630434782608696,21.644347895746645,0.4616461437484875,0.005982245802527597,9.1467333635126,-22.488707951493254,1
CPT,2023,4,1.2977700714164693e-10,0.04969510810607458,13269409.0,44,3.46,17.8178946344476,0.4616461437484875,0.005982245802527597,9.1467333635126,-22.7652034680151,1
CPT,2023,5,9.498151559518742e-11,-0.050705193862968345,16376544.0,45,3.5736363636363637,17.64409099925648,0.4616461437484875,0.005982245802527597,9.1467333635126,-23.077338815941964,1
CPT,2023,6,1.4070528170310508e-10,0.051713884613444394,17864430.0,50,3.7480952380952384,13.994285628909157,0.4616461437484875,0.005982245802527597,9.1467333635126,-22.6843536137558,1
CPT,2023,7,1.1757386575694516e-10,0.0020209732686176096,12809579.0,55,3.8994999999999997,13.943999910354615,0.4616461437484875,0.005982245802527597,9.1467333635126,-22.863954335118706,1
CPT,2023,8,8.821872879847411e-11,-0.013473780429777982,16356039.0,56,4.167826086956522,15.853912975477135,0.4616461437484875,0.005982245802527597,9.1467333635126,-23.151201830803835,1
CPT,2023,9,1.584575796366117e-10,-0.11187842780499757,12527221.0,50,4.379,15.241000032424926,0.4616461437484875,0.005982245802527597,9.1467333635126,-22.565534194794285,1
CPT,2023,10,1.65922968425944e-10,-0.1025584168364726,21652967.0,44,4.798095238095239,18.887727303938433,0.4616461437484875,0.005982245802527597,9.1467333635126,-22.51949748090134,1
CPT,2023,11,1.7266031142083225e-10,0.06338368017588647,23421569.0,40,4.502857142857143,14.077142897106352,0.4616461437484875,0.005982245802527597,9.1467333635126,-22.479694969457604,1
CPT,2023,12,1.1580836764699938e-10,0.11087079206437256,21162715.0,34,4.0200000000000005,12.718499994277954,0.4616461437484875,0.005982245802527597,9.1467333635126,-22.87908429392702,1
CPT,2024,1,1.0275251933708199e-10,-0.054891274545966096,22978794.0,37,4.058095238095238,13.395238149733771,0.46372438134761473,-0.056650458127715964,9.088414968548793,-22.998697743757106,1
CPT,2024,2,1.3685138896382325e-10,0.006821675113276138,24193797.0,44,4.2075000000000005,13.944000101089477,0.46372438134761473,-0.056650458127715964,9.088414968548793,-22.71212553095867,1
CPT,2024,3,1.0161427289767474e-10,0.052530342961883525,24474996.0,48,4.2085,13.787499904632568,0.46372438134761473,-0.056650458127715964,9.088414968548793,-23.009837109374413,1
CPT,2024,4,1.4017584955179924e-10,0.013008085848859263,19304965.0,51,4.539090909090909,16.137727087194268,0.46372438134761473,-0.056650458127715964,9.088414968548793,-22.688123413285854,1
CPT,2024,5,1.1607874030724012e-10,0.02979495468115867,21360632.0,51,4.482272727272727,13.090454535050826,0.46372438134761473,-0.056650458127715964,9.088414968548793,-22.876752359347748,1
CPT,2024,6,1.1328153944965397e-10,0.07296420256806235,14313276.0,45,4.3052631578947365,12.676842037000155,0.46372438134761473,-0.056650458127715964,9.088414968548793,-22.90114489630099,1
CPT,2024,7,9.232202390004374e-11,0.015030284379776937,16288374.0,43,4.248636363636364,14.470000050284646,0.46372438134761473,-0.056650458127715964,9.088414968548793,-23.10573839074827,1
CPT,2024,8,7.683801601939335e-11,0.13047750711159756,18934562.0,41,3.8709090909090906,19.31227272207087,0.46372438134761473,-0.056650458127715964,9.088414968548793,-23.289321597994615,1
CPT,2024,9,6.13273835661724e-11,-0.005110586903018133,27430146.0,39,3.7235,17.768999814987183,0.46372438134761473,-0.056650458127715964,9.088414968548793,-23.514794658766437,1
CPT,2024,10,8.954959703287859e-11,-0.06265877378891349,18683561.0,41,4.095454545454545,19.96086958180303,0.46372438134761473,-0.056650458127715964,9.088414968548793,-23.13622848734397,1
CPT,2024,11,1.2255016547435343e-10,0.08644773418084117,17615530.0,43,4.35578947368421,16.121000051498413,0.46372438134761473,-0.056650458127715964,9.088414968548793,-22.822500655695418,1
CPT,2024,12,1.322072432594824e-10,-0.0691996065251711,13386606.0,46,4.3914285714285715,15.866190592447916,0.46372438134761473,-0.056650458127715964,9.088414968548793,-22.74665039984939,1
ESS,2000,8,2.764985847378859e-09,-0.0012720498057561258,1474500.0,59,5.826086956521739,18.08869569197945,0.5086745786750233,0.2066584895412178,7.156058845832063,-19.70623032047387,1
ESS,2000,9,3.931833732046127e-09,0.138278717866825,1285300.0,60,5.799,19.6875,0.5086745786750233,0.2066584895412178,7.156058845832063,-19.354159921403443,1
ESS,2000,10,2.348145501576391e-09,-0.06094767362684994,1252100.0,60,5.738571428571428,25.200000069358133,0.5086745786750233,0.2066584895412178,7.156058845832063,-19.869639968597113,1
ESS,2000,11,4.295151884339294e-09,0.01081652773259889,880400.0,62,5.717142857142857,26.382857095627557,0.5086745786750233,0.2066584895412178,7.156058845832063,-19.265778919076244,1
ESS,2000,12,5.6527469867115004e-09,0.05306443840727848,807300.0,63,5.2405,26.530499839782713,0.5086745786750233,0.2066584895412178,7.156058845832063,-18.99112421760294,1
ESS,2001,1,4.722812948195907e-09,-0.05479693717907286,1174000.0,57,5.160952380952381,24.91857147216797,0.5200457630101891,0.03714088008806038,7.192526619360456,-19.1708612512639,1
ESS,2001,2,1.885764696194145e-09,-0.030920087943339558,1867100.0,52,5.098947368421053,23.411579132080078,0.5200457630101891,0.03714088008806038,7.192526619360456,-20.088932423936487,1
ESS,2001,3,4.175384618661285e-09,-0.0277364587218778,1046000.0,58,4.885454545454546,28.496818369085137,0.5200457630101891,0.03714088008806038,7.192526619360456,-19.294059358656522,1
ESS,2001,4,3.4071982326775395e-09,-0.02185130551196135,2400900.0,60,5.141,28.13399991989136,0.5200457630101891,0.03714088008806038,7.192526619360456,-19.497375516021975,1
ESS,2001,5,2.617572515222082e-09,-3.8053746931332455e-07,1444600.0,59,5.391363636363637,22.944090929898348,0.5200457630101891,0.03714088008806038,7.192526619360456,-19.76101846956681,1
ESS,2001,6,3.928759177947798e-09,0.06897370853807239,1465900.0,58,5.284285714285714,20.94047619047619,0.5200457630101891,0.03714088008806038,7.192526619360456,-19.35494219172079,1
ESS,2001,7,2.232553715182545e-09,0.02724579486437828,1042200.0,59,5.236190476190477,22.31619053795224,0.5200457630101891,0.03714088008806038,7.192526619360456,-19.920119742915254,1
ESS,2001,8,2.8296192030823816e-09,0.02357774295394144,1156300.0,57,4.971304347826087,21.86173903423807,0.5200457630101891,0.03714088008806038,7.192526619360456,-19.683123691559604,1
ESS,2001,9,4.280697168955196e-09,-0.043735705209762554,950300.0,59,4.731764705882353,35.065333429972334,0.5200457630101891,0.03714088008806038,7.192526619360456,-19.26914995067503,1
ESS,2001,10,1.9867717407860268e-09,-0.045825044660084746,3690600.0,55,4.566818181818181,32.721304603244945,0.5200457630101891,0.03714088008806038,7.192526619360456,-20.036754756278476,1
ESS,2001,11,2.0194989905526796e-09,0.01771737685351016,2029700.0,46,4.6515,26.63095238095238,0.5200457630101891,0.03714088008806038,7.192526619360456,-20.020416380775327,1
ESS,2001,12,2.8583893734125266e-09,0.05089734039957605,1589000.0,48,5.0875,23.720000076293946,0.5200457630101891,0.03714088008806038,7.192526619360456,-19.6730075268961,1
ESS,2002,1,2.8587906849529597e-09,-0.062132780488915906,1061900.0,55,5.035714285714286,22.252857208251953,0.5345877779931767,0.21834160988914264,7.390017217213675,-19.672867138964637,1
ESS,2002,2,1.503036494616372e-09,0.022873956323373967,1312500.0,58,4.911578947368421,22.875789843107526,0.5345877779931767,0.21834160988914264,7.390017217213675,-20.315778445288473,1
ESS,2002,3,2.7854744196522344e-09,0.11701399799023848,1621900.0,58,5.284000000000001,18.98499994277954,0.5345877779931767,0.21834160988914264,7.390017217213675,-19.698847629905202,1
ESS,2002,4,2.906178175513315e-09,-0.0034508584155379385,3613900.0,62,5.210909090909091,19.900454607876863,0.5345877779931767,0.21834160988914264,7.390017217213675,-19.65642696070014,1
ESS,2002,5,2.179226533625461e-09,0.0048099854810885745,1349400.0,61,5.164545454545455,20.08772711320357,0.5345877779931767,0.21834160988914264,7.390017217213675,-19.94429582419145,1
ESS,2002,6,1.855695232961481e-09,0.06164908472491337,1866300.0,61,4.9265,25.270999908447266,0.5345877779931767,0.21834160988914264,7.390017217213675,-20.10500642244426,1
ESS,2002,7,3.2520646454047857e-09,-0.06764228159864338,3028400.0,61,4.653181818181818,34.049544941295274,0.5345877779931767,0.21834160988914264,7.390017217213675,-19.543975766797665,1
ESS,2002,8,2.857520028620022e-09,0.03529597701326681,1966500.0,61,4.257272727272727,33.742727366360754,0.5345877779931767,0.21834160988914264,7.390017217213675,-19.67331171114328,1
ESS,2002,9,1.8297857029477983e-09,-0.04930548954540426,1897100.0,55,3.87,37.6475004196167,0.5345877779931767,0.21834160988914264,7.390017217213675,-20.119066979164398,1
ESS,2002,10,3.01370955018451e-09,-0.040049526888008224,2414800.0,63,3.940909090909091,35.243043484895125,0.5345877779931767,0.21834160988914264,7.390017217213675,-19.620094108278693,1
ESS,2002,11,2.761217780337134e-09,0.07458973646092315,1530800.0,61,4.048421052631579,28.174999713897705,0.5345877779931767,0.21834160988914264,7.390017217213675,-19.707594029768543,1
ESS,2002,12,1.819051747581423e-09,0.012263967083446348,1932000.0,62,4.032380952380952,28.21047628493536,0.5345877779931767,0.21834160988914264,7.390017217213675,-20.124950489447055,1
ESS,2003,1,1.6778671674120365e-09,-0.00727649216873838,1892100.0,63,4.048571428571428,27.424285707019624,0.5178078451246236,0.06719004478513146,7.455046284999623,-20.20574239329105,1
ESS,2003,2,1.3280673944095051e-09,0.009308912788543289,1655100.0,62,3.9026315789473687,32.218421032554225,0.5178078451246236,0.06719004478513146,7.455046284999623,-20.43954103837751,1
ESS,2003,3,2.2798926837059445e-09,0.04060828946246198,1895000.0,63,3.8071428571428574,30.634285699753534,0.5178078451246236,0.06719004478513146,7.455046284999623,-19.899137463637846,1
ESS,2003,4,2.3192115523864508e-09,0.05205851629332314,2161100.0,56,3.958571428571428,23.991904758271716,0.5178078451246236,0.06719004478513146,7.455046284999623,-19.882038557138937,1
ESS,2003,5,1.6938765616236016e-09,0.03674595703081973,1856200.0,55,3.5690476190476192,20.23952375139509,0.5178078451246236,0.06719004478513146,7.455046284999623,-20.19624611136234,1
ESS,2003,6,1.7740732261817388e-09,0.018381441164861734,1800900.0,60,3.334285714285714,20.362380799793062,0.5178078451246236,0.06719004478513146,7.455046284999623,-20.14998767646912,1
ESS,2003,7,1.3853395108833213e-09,0.05851693327255192,2940800.0,63,3.975454545454546,19.16136360168457,0.5178078451246236,0.06719004478513146,7.455046284999623,-20.397320593135806,1
ESS,2003,8,1.298362594920515e-09,0.03712677465949987,2704100.0,65,4.4452380952380945,19.27428572518485,0.5178078451246236,0.06719004478513146,7.455046284999623,-20.46216190873794,1
ESS,2003,9,7.26404165293965e-10,0.010345379305774172,2574400.0,67,4.274285714285715,19.53238096691313,0.5178078451246236,0.06719004478513146,7.455046284999623,-21.04291455449771,1
ESS,2003,10,8.663317539862112e-10,-0.045128917337155516,3986400.0,67,4.290454545454545,18.0234783006751,0.5178078451246236,0.06719004478513146,7.455046284999623,-20.866753192981594,1
ESS,2003,11,9.278042243114606e-10,0.06796802904214516,2078360.0,69,4.300000000000001,17.401052575362357,0.5178078451246236,0.06719004478513146,7.455046284999623,-20.798200370580247,1
ESS,2003,12,1.0569744378820012e-09,0.016274832718743637,1862100.0,68,4.267727272727273,16.826363650235262,0.5178078451246236,0.06719004478513146,7.455046284999623,-20.66785531400069,1
ESS,2004,1,1.048648920283576e-09,-0.032234568832379074,2810400.0,69,4.1505,16.100999975204466,0.6250222689073734,0.2826930330609685,7.704008084844418,-20.675763243928134,1
ESS,2004,2,1.3380513983034616e-09,0.013193975812003655,2322200.0,68,4.084210526315789,15.998421167072497,0.6250222689073734,0.2826930330609685,7.704008084844418,-20.43205146170056,1
ESS,2004,3,1.3054187119069667e-09,0.052860005379239405,2845300.0,66,3.826521739130435,17.687391198199727,0.6250222689073734,0.2826930330609685,7.704008084844418,-20.45674199559777,1
ESS,2004,4,1.0382889449181973e-09,-0.06946422885817627,4752200.0,66,4.347619047619047,15.6985715230306,0.6250222689073734,0.2826930330609685,7.704008084844418,-20.685691723966396,1
ESS,2004,5,8.680739995704535e-10,0.07547285211888433,4177600.0,69,4.7155000000000005,17.704999876022338,0.6250222689073734,0.2826930330609685,7.704008084844418,-20.864744151940673,1
ESS,2004,6,7.703753971334592e-10,0.054721796870855766,3712900.0,69,4.733809523809524,15.35714290255592,0.6250222689073734,0.2826930330609685,7.704008084844418,-20.984143191139594,1
ESS,2004,7,9.83665121727139e-10,-0.03584584144798886,2832800.0,68,4.498095238095239,15.502380916050502,0.6250222689073734,0.2826930330609685,7.704008084844418,-20.739735600247492,1
ESS,2004,8,1.405199407128997e-09,0.11912135782922895,3270300.0,67,4.281363636363636,16.684090744365346,0.6250222689073734,0.2826930330609685,7.704008084844418,-20.383086617449152,1
ESS,2004,9,1.0948283277309417e-09,-0.015030377961969599,2989900.0,70,4.1257142857142854,14.08095241728283,0.6250222689073734,0.2826930330609685,7.704008084844418,-20.63266826429686,1
ESS,2004,10,1.2182780721968643e-09,0.09199843930208407,2276000.0,67,4.0969999999999995,14.973809560139975,0.6250222689073734,0.2826930330609685,7.704008084844418,-20.525827391419433,1
ESS,2004,11,9.520174355217579e-10,0.026379879363818137,3826200.0,69,4.194,13.577142897106352,0.6250222689073734,0.2826930330609685,7.704008084844418,-20.772437766681197,1
ESS,2004,12,7.257296833185344e-10,0.05055378089532625,3573700.0,70,4.2309090909090905,12.459545438939875,0.6250222689073734,0.2826930330609685,7.704008084844418,-21.043843507465205,1
ESS,2005,1,5.46982963425576e-10,-0.14140809842226754,6625000.0,71,4.221500000000001,13.43799991607666,0.6364110945880167,0.009955272758597866,7.713914130319575,-21.326603459465865,1
ESS,2005,2,7.356189965765453e-10,0.001805842672193858,3920200.0,70,4.165263157894737,11.708947482861971,0.6364110945880167,0.009955272758597866,7.713914130319575,-21.030308798930765,1
ESS,2005,3,1.1057700101838748e-09,-0.03010831930661817,4018100.0,69,4.497727272727273,13.126363667574795,0.6364110945880167,0.009955272758597866,7.713914130319575,-20.622723902862845,1
ESS,2005,4,9.926078154158057e-10,0.09913257387479346,2796300.0,70,4.3409523809523805,14.459047589983259,0.6364110945880167,0.009955272758597866,7.713914130319575,-20.73068547912516,1
ESS,2005,5,7.31724326212157e-10,0.053324078445920575,4006600.0,67,4.144285714285714,13.967618987673806,0.6364110945880167,0.009955272758597866,7.713914130319575,-21.035617276435463,1
ESS,2005,6,2.9658199476526426e-10,0.04834970229581104,4809300.0,70,3.998181818181818,11.868636348030783,0.6364110945880167,0.009955272758597866,7.713914130319575,-21.938697393511518,1
ESS,2005,7,1.422316828623524e-09,0.10594933132762563,1771700.0,72,4.1775,11.049000024795532,0.6364110945880167,0.009955272758597866,7.713914130319575,-20.37097872544351,1
ESS,2005,8,7.73675928309294e-10,-0.042566787719838795,3934100.0,70,4.262608695652174,12.951304394265879,0.6364110945880167,0.009955272758597866,7.713914130319575,-20.979868027291815,1
ESS,2005,9,1.3291264547102338e-09,0.0328448595027786,1757100.0,67,4.199047619047619,12.628095263526554,0.6364110945880167,0.009955272758597866,7.713914130319575,-20.438743911470745,1
ESS,2005,10,1.2187457877822051e-09,-0.0013332556467228196,4154900.0,65,4.4635,14.937618982224237,0.6364110945880167,0.009955272758597866,7.713914130319575,-20.525443549801167,1
ESS,2005,11,7.191794054096838e-10,0.020249352581841018,3084300.0,68,4.535,12.147619111197335,0.6364110945880167,0.009955272758597866,7.713914130319575,-21.052910268595927,1
ESS,2005,12,3.930883186253904e-10,0.014232353409370457,2511600.0,61,4.467142857142857,11.260000001816522,0.6364110945880167,0.009955272758597866,7.713914130319575,-21.656986799980448,1
ESS,2006,1,8.706513412261773e-10,0.07787350829829975,2749400.0,57,4.416,12.03600001335144,0.6000382164580181,0.11010186264396316,7.818365909581093,-20.861779516316,1
ESS,2006,2,5.958436762719259e-10,0.002716993513970367,2464100.0,57,4.568947368421052,12.47105262154027,0.6000382164580181,0.11010186264396316,7.818365909581093,-21.241042771401098,1
ESS,2006,3,5.982387544609735e-10,0.09951788598056033,4559100.0,56,4.7239130434782615,11.693913003672725,0.6000382164580181,0.11010186264396316,7.818365909581093,-21.237031186707505,1
ESS,2006,4,6.18128942170789e-10,0.0034028403802086604,2806700.0,54,4.990526315789474,11.847368441129985,0.6000382164580181,0.11010186264396316,7.818365909581093,-21.204324035944747,1
ESS,2006,5,5.689318156118861e-10,-0.02383087022317154,3678300.0,51,5.11,14.454545411196621,0.6000382164580181,0.11010186264396316,7.818365909581093,-21.28726052094769,1
ESS,2006,6,6.264045302444472e-10,0.05666583404128023,3325100.0,46,5.106363636363636,16.91863627867265,0.6000382164580181,0.11010186264396316,7.818365909581093,-21.191024739087098,1
ESS,2006,7,4.6186684566964855e-10,0.04863126891993397,4743300.0,42,5.0875,15.325999879837036,0.6000382164580181,0.11010186264396316,7.818365909581093,-21.49574447922437,1
ESS,2006,8,4.753491075421005e-10,0.07156592015260954,4843600.0,39,4.8765217391304345,13.351739137069039,0.6000382164580181,0.11010186264396316,7.818365909581093,-21.466971618600603,1
ESS,2006,9,6.361341756152949e-10,-0.02580512016842862,2532100.0,33,4.718999999999999,12.184499979019165,0.6000382164580181,0.11010186264396316,7.818365909581093,-21.175611606890456,1
ESS,2006,10,5.936129970287926e-10,0.09785766046358968,3297000.0,30,4.729047619047619,11.306363625959916,0.6000382164580181,0.11010186264396316,7.818365909581093,-21.244793529050938,1
ESS,2006,11,7.79077731527726e-10,-0.009304326263132157,3280800.0,31,4.595238095238095,10.817619051252093,0.6000382164580181,0.11010186264396316,7.818365909581093,-20.972910291303226,1
ESS,2006,12,4.712914385656617e-10,-0.014692326471970163,2908300.0,33,4.5645,10.964500045776367,0.6000382164580181,0.11010186264396316,7.818365909581093,-21.4755444477364,1
ESS,2007,1,4.840413203045943e-10,0.11674840518033114,3413100.0,33,4.7595238095238095,11.042500066757203,0.5912557128874958,0.1989198822128535,7.999786962887503,-21.44885084032579,1
ESS,2007,2,2.684129776585779e-10,-0.037757744353727696,4647597.0,35,4.722631578947369,11.155263097662674,0.5912557128874958,0.1989198822128535,7.999786962887503,-22.03849436006783,1
ESS,2007,3,4.1596020876976233e-10,-0.06097832765917566,7178800.0,39,4.5645454545454545,15.162727269259365,0.5912557128874958,0.1989198822128535,7.999786962887503,-21.600431512237993,1
ESS,2007,4,2.9426205107755165e-10,-0.004789553872789565,4685800.0,36,4.6938095238095245,12.93299994468689,0.5912557128874958,0.1989198822128535,7.999786962887503,-21.946550415392984,1
ESS,2007,5,3.296702356340295e-10,-0.012651811851742467,8742985.0,33,4.746363636363636,13.297727324745871,0.5912557128874958,0.1989198822128535,7.999786962887503,-21.832928247044592,1
ESS,2007,6,4.249851699608459e-10,-0.07875225783062934,6584800.0,30,5.102857142857142,14.947618938627697,0.5912557128874958,0.1989198822128535,7.999786962887503,-21.578966841822723,1
ESS,2007,7,4.246029305642821e-10,-0.07497867754268706,5509800.0,28,5.0042857142857144,17.273333277021134,0.5912557128874958,0.1989198822128535,7.999786962887503,-21.579866664741896,1
ESS,2007,8,6.325844933247077e-10,0.09490900668647351,7268200.0,24,4.674782608695652,25.026086724322774,0.5912557128874958,0.1989198822128535,7.999786962887503,-21.181207317964603,1
ESS,2007,9,5.308177863467205e-10,0.006044753545728865,3652300.0,22,4.521578947368421,22.19894740456029,0.5912557128874958,0.1989198822128535,7.999786962887503,-21.356602305466108,1
ESS,2007,10,4.5236202282621293e-10,0.04984602585837661,5913000.0,20,4.527727272727272,19.115652084350586,0.5912557128874958,0.1989198822128535,7.999786962887503,-21.516538321217734,1
ESS,2007,11,6.204172066434687e-10,-0.1595247195130739,7614256.0,19,4.1485,25.582380930582683,0.5912557128874958,0.1989198822128535,7.999786962887503,-21.200628950253403,1
ESS,2007,12,9.849902348161656e-10,-0.051359216567677723,5333800.0,19,4.0975,21.651000022888184,0.5912557128874958,0.1989198822128535,7.999786962887503,-20.73838938869782,1
ESS,2008,1,4.685694787635556e-10,0.06277563135239839,9624500.0,18,3.744285714285714,25.816190719604492,0.6127268412799073,0.061906041727691985,8.059852408843845,-21.481336724789667,1
ESS,2008,2,4.896441632534527e-10,0.013799947670838142,7630700.0,19,3.7375,25.456000137329102,0.6127268412799073,0.061906041727691985,8.059852408843845,-21.437342186074897,1
ESS,2008,3,4.121551212364085e-10,0.09491300127684132,8208400.0,20,3.5100000000000002,27.103500080108642,0.6127268412799073,0.061906041727691985,8.059852408843845,-21.609621329584957,1
ESS,2008,4,4.050839319477011e-10,0.04404209972699391,8077200.0,20,3.675,21.562727321277965,0.6127268412799073,0.061906041727691985,8.059852408843845,-21.626926830916084,1
ESS,2008,5,3.447132900666975e-10,0.003948038341329507,5703700.0,20,3.8800000000000003,18.303333009992325,0.6127268412799073,0.061906041727691985,8.059852408843845,-21.78830808769003,1
ESS,2008,6,6.016807886747324e-10,-0.10011475363753686,6182200.0,19,4.099523809523809,22.11047617594401,0.6127268412799073,0.061906041727691985,8.059852408843845,-21.23129406262358,1
ESS,2008,7,4.747185803490065e-10,0.13943626312279167,11338400.0,18,4.007727272727273,24.32136362249201,0.6127268412799073,0.061906041727691985,8.059852408843845,-21.468298949892265,1
ESS,2008,8,4.2895116668939255e-10,-0.032962649077600825,7703300.0,16,3.8857142857142852,20.695714133126394,0.6127268412799073,0.061906041727691985,8.059852408843845,-21.569678034040578,1
ESS,2008,9,6.814304408726706e-10,0.016995185790574352,13200900.0,16,3.6861904761904762,30.238571348644438,0.6127268412799073,0.061906041727691985,8.059852408843845,-21.106826937686225,1
ESS,2008,10,4.958666980419567e-10,-0.17772328823183803,23327800.0,17,3.814090909090909,61.1773912181025,0.6127268412799073,0.061906041727691985,8.059852408843845,-21.424713979272102,1
ESS,2008,11,5.792477144533258e-10,-0.11130321197583404,25679500.0,14,3.526666666666667,62.639473362972865,0.6127268412799073,0.061906041727691985,8.059852408843845,-21.26929089832376,1
ESS,2008,12,7.555456139460481e-10,-0.10015582031829984,22098400.0,9,2.4163636363636365,52.405000166459516,0.6127268412799073,0.061906041727691985,8.059852408843845,-21.00358096019972,1
ESS,2009,1,5.510051558428651e-10,-0.1394136890727954,21064900.0,9,2.5175,44.68300018310547,0.6073632789155903,0.028378838247826277,8.087836027686443,-21.319276949572835,1
ESS,2009,2,4.402590843336444e-10,-0.17638206092146302,28237200.0,8,2.87,45.57052592227333,0.6073632789155903,0.028378838247826277,8.087836027686443,-21.543657734276433,1
ESS,2009,3,6.313773827958997e-10,0.07284936820356158,30438000.0,9,2.819545454545455,44.7954548922452,0.6073632789155903,0.028378838247826277,8.087836027686443,-21.1831173611686,1
ESS,2009,4,4.765219087766483e-10,0.10725255304942949,33482700.0,9,2.927142857142857,38.063809349423366,0.6073632789155903,0.028378838247826277,8.087836027686443,-21.464507415346365,1
ESS,2009,5,4.20082088583612e-10,0.07245389910111832,25761700.0,14,3.293,31.97799997329712,0.6073632789155903,0.028378838247826277,8.087836027686443,-21.590570974740203,1
ESS,2009,6,2.8835496560279674e-10,-0.07077984812488258,17740300.0,16,3.7218181818181817,29.140454725785688,0.6073632789155903,0.028378838247826277,8.087836027686443,-21.966828875267016,1
ESS,2009,7,5.38316193166861e-10,0.04467368860821219,15615300.0,15,3.5622727272727275,26.16272735595703,0.6073632789155903,0.028378838247826277,8.087836027686443,-21.34257500876531,1
ESS,2009,8,2.1911353244550656e-10,0.1476671469077453,19029100.0,17,3.587142857142857,25.33714285350981,0.6073632789155903,0.028378838247826277,8.087836027686443,-22.24143110744846,1
ESS,2009,9,4.1731185954726626e-10,0.08005198403128122,12661600.0,18,3.401904761904762,24.926666713896253,0.6073632789155903,0.028378838247826277,8.087836027686443,-21.597187309019404,1
ESS,2009,10,5.278939880103314e-10,-0.05529122749692139,10239900.0,19,3.3876190476190478,24.252272865988992,0.6073632789155903,0.028378838247826277,8.087836027686443,-21.36212563266481,1
ESS,2009,11,4.847460836823881e-10,0.060788224960862,10397600.0,17,3.4026315789473687,23.783499908447265,0.6073632789155903,0.028378838247826277,8.087836027686443,-21.447395900884555,1
ESS,2009,12,3.0792475862290146e-10,0.06162831629807508,9636600.0,17,3.5900000000000003,21.239545475352894,0.6073632789155903,0.028378838247826277,8.087836027686443,-21.901165652984066,1
ESS,2010,1,4.675147713142711e-10,-0.047339948212476446,6025700.0,16,3.7331578947368427,20.643157758210833,0.6358413742500107,0.14694419070390952,8.22493720789655,-21.4835901713048,1
ESS,2010,2,4.322929436502377e-10,0.07792566753256014,6443000.0,15,3.691052631578947,22.540000012046413,0.6358413742500107,0.14694419070390952,8.22493720789655,-21.561917647195866,1
ESS,2010,3,2.3745217603261165e-10,0.05936494839079964,9099700.0,17,3.7273913043478264,17.767391287762187,0.6358413742500107,0.14694419070390952,8.22493720789655,-22.161054876803533,1
ESS,2010,4,4.779566522958591e-10,0.17642992974899463,9240800.0,15,3.8468181818181817,17.42428566160656,0.6358413742500107,0.14694419070390952,8.22493720789655,-21.461501073122793,1
ESS,2010,5,3.52660494323298e-10,-0.00557395314978415,12442300.0,19,3.4200000000000004,31.929500007629393,0.6358413742500107,0.14694419070390952,8.22493720789655,-21.765515294250388,1
ESS,2010,6,3.7688804103685305e-10,-0.06386444645964584,10164900.0,22,3.2040909090909087,29.91636371612549,0.6358413742500107,0.14694419070390952,8.22493720789655,-21.69907294596291,1
ESS,2010,7,4.507479856361317e-10,0.07760917300388526,7516500.0,16,3.0114285714285716,25.565237862723215,0.6358413742500107,0.14694419070390952,8.22493720789655,-21.520112722771067,1
ESS,2010,8,4.111951017517669e-10,0.0062789796317224145,5752400.0,14,2.6986363636363637,24.745908997275613,0.6358413742500107,0.14694419070390952,8.22493720789655,-21.61195331394082,1
ESS,2010,9,4.6540386458374247e-10,0.044570630813619116,5922200.0,13,2.6476190476190475,22.51761899675642,0.6358413742500107,0.14694419070390952,8.22493720789655,-21.488115561305097,1
ESS,2010,10,2.650712601640071e-10,0.032165826151218324,4466300.0,13,2.54,20.3733332497733,0.6358413742500107,0.14694419070390952,8.22493720789655,-22.05102241981187,1
ESS,2010,11,3.996621687024711e-10,-0.01876538591379673,5069800.0,15,2.763,20.095714387439546,0.6358413742500107,0.14694419070390952,8.22493720789655,-21.640401503921538,1
ESS,2010,12,3.4062983051128334e-10,0.03981364853330627,5602200.0,16,3.290909090909091,17.569545529105447,0.6358413742500107,0.14694419070390952,8.22493720789655,-21.800224769294065,1
ESS,2011,1,2.8951903207857813e-10,0.015584848795574535,6224200.0,16,3.3939999999999997,17.31549987792969,0.6140473385445102,0.08145893513519153,8.303248203300175,-21.962800079872288,1
ESS,2011,2,2.1594889098389609e-10,0.06706833465643669,6244900.0,16,3.5763157894736843,17.4299999036287,0.6140473385445102,0.08145893513519153,8.303248203300175,-22.25597935205762,1
ESS,2011,3,2.950193055166516e-10,0.0104018681378375,6764600.0,16,3.4143478260869564,20.72347815140434,0.6140473385445102,0.08145893513519153,8.303248203300175,-21.943980319300664,1
ESS,2011,4,2.3758047727782707e-10,0.09257991304517632,5904100.0,17,3.4549999999999996,16.244000005722047,0.6140473385445102,0.08145893513519153,8.303248203300175,-22.16051469815501,1
ESS,2011,5,1.9695527407407186e-10,0.015722989619433525,5941200.0,16,3.168571428571429,16.911428587777273,0.6140473385445102,0.08145893513519153,8.303248203300175,-22.34804444812394,1
ESS,2011,6,2.5167697974537374e-10,-0.009213646283019239,6734500.0,16,3.002272727272727,19.15318202972412,0.6140473385445102,0.08145893513519153,8.303248203300175,-22.102874677066563,1
ESS,2011,7,2.651537564233538e-10,0.03747400694402425,4669400.0,13,3.003,19.22749991416931,0.6140473385445102,0.08145893513519153,8.303248203300175,-22.050711245282443,1
ESS,2011,8,4.5116189050479427e-10,0.02272708361897391,9248100.0,15,2.3030434782608693,35.02913035517154,0.6140473385445102,0.08145893513519153,8.303248203300175,-21.51919488184556,1
ESS,2011,9,3.3116224837711865e-10,-0.15654284554576547,8048500.0,15,1.975238095238095,36.52999977838425,0.6140473385445102,0.08145893513519153,8.303248203300175,-21.828412684282757,1
ESS,2011,10,4.2574898830424345e-10,0.18927237380438555,10098100.0,14,2.152,32.82904770260765,0.6140473385445102,0.08145893513519153,8.303248203300175,-21.577171172655763,1
ESS,2011,11,4.69028828696745e-10,-0.06941825055668083,7546800.0,17,2.0134999999999996,31.941904703776043,0.6140473385445102,0.08145893513519153,8.303248203300175,-21.48035688093482,1
ESS,2011,12,3.5627275618027e-10,0.06548247470207968,5554100.0,19,1.9780952380952381,25.047619047619047,0.6140473385445102,0.08145893513519153,8.303248203300175,-21.755324509388487,1
ESS,2012,1,2.6767296561715066e-10,0.024839340758981754,5855800.0,21,1.9665,20.227999877929687,0.6112279133846328,0.20070998899172743,8.486161242626949,-22.041255158110534,1
ESS,2012,2,2.6546324037258633e-10,-0.02784515685227884,5700700.0,25,1.9675,18.420499992370605,0.6112279133846328,0.20070998899172743,8.486161242626949,-22.049544739172784,1
ESS,2012,3,1.8542955325291078e-10,0.09030147985206893,7400900.0,28,2.1727272727272724,16.16727287119085,0.6112279133846328,0.20070998899172743,8.486161242626949,-22.408346072841415,1
ESS,2012,4,1.5634671327537718e-10,0.042636499063999134,5322600.0,28,2.052857142857143,17.822999906539916,0.6112279133846328,0.20070998899172743,8.486161242626949,-22.578945053829425,1
ESS,2012,5,1.696825803668782e-10,-0.04754238124651111,6131500.0,24,1.8031818181818182,21.001818136735395,0.6112279133846328,0.20070998899172743,8.486161242626949,-22.497091598533636,1
ESS,2012,6,2.706098447388944e-10,0.03054341509757852,5987400.0,28,1.6223809523809525,21.130952290126256,0.6112279133846328,0.20070998899172743,8.486161242626949,-22.03034301970473,1
ESS,2012,7,1.7993813864154267e-10,0.022351139816157328,4906300.0,29,1.5266666666666668,17.565238180614653,0.6112279133846328,0.20070998899172743,8.486161242626949,-22.438407998321505,1
ESS,2012,8,1.682384337570447e-10,-0.03418770637658186,4720600.0,35,1.6782608695652175,15.689565119536027,0.6112279133846328,0.20070998899172743,8.486161242626949,-22.505638894152778,1
ESS,2012,9,1.5541042941015843e-10,-0.01738498299990887,4456300.0,37,1.7231578947368422,15.284736834074321,0.6112279133846328,0.20070998899172743,8.486161242626949,-22.584951566925515,1
ESS,2012,10,1.9837301834715512e-10,0.011874059756465272,5736200.0,40,1.7461904761904763,16.276190576099214,0.6112279133846328,0.20070998899172743,8.486161242626949,-22.3408719265602,1
ESS,2012,11,1.6255057084459977e-10,-0.06339951591544779,7783200.0,41,1.654,16.70190484183175,0.6112279133846328,0.20070998899172743,8.486161242626949,-22.54003195737551,1
ESS,2012,12,1.5146320311183601e-10,0.05170576404716232,5729300.0,45,1.719,17.306999826431273,0.6112279133846328,0.20070998899172743,8.486161242626949,-22.610678404230416,1
ESS,2013,1,1.2217968648612024e-10,0.048617180670076365,4671400.0,47,1.9147619047619049,13.505238124302455,0.6139099362829654,0.07006403460290556,8.553879734733373,-22.82552831471022,1
ESS,2013,2,1.304927474048668e-10,-0.03114764746085341,5551700.0,47,1.9842105263157896,14.07263163516396,0.6139099362829654,0.07006403460290556,8.553879734733373,-22.759703466151805,1
ESS,2013,3,1.3150180785524406e-10,0.018808580283193654,5241000.0,46,1.9575,13.031500005722046,0.6139099362829654,0.07006403460290556,8.553879734733373,-22.752000516456608,1
ESS,2013,4,2.0665703521797674e-10,0.04296765368216415,6003300.0,44,1.7590909090909093,13.967272715135055,0.6139099362829654,0.07006403460290556,8.553879734733373,-22.299960531427494,1
ESS,2013,5,1.864101982117915e-10,0.0005736113314902536,7068400.0,41,1.9281818181818182,13.493636304681951,0.6139099362829654,0.07006403460290556,8.553879734733373,-22.403071503737024,1
ESS,2013,6,3.396574372776517e-10,0.019153815435332566,5285800.0,44,2.3,17.271499919891358,0.6139099362829654,0.07006403460290556,8.553879734733373,-21.803083543644025,1
ESS,2013,7,2.967606708177785e-10,0.01491412542630055,4339900.0,51,2.5822727272727275,13.97454565221613,0.6139099362829654,0.07006403460290556,8.553879734733373,-21.938095124137416,1
ESS,2013,8,3.588240720464936e-10,-0.11147622827029646,4438600.0,56,2.7372727272727273,14.209999908100475,0.6139099362829654,0.07006403460290556,8.553879734733373,-21.748188897563786,1
ESS,2013,9,4.4786698184594423e-10,0.03895386365675879,3603600.0,58,2.8095,14.692000102996825,0.6139099362829654,0.07006403460290556,8.553879734733373,-21.52652484312415,1
ESS,2013,10,2.7831152125674403e-10,0.09004829985665319,5218600.0,57,2.6159090909090907,15.407826050468113,0.6139099362829654,0.07006403460290556,8.553879734733373,-22.002280049558873,1
ESS,2013,11,3.047277257972801e-10,-0.05707929799889633,4593300.0,54,2.718421052631579,12.923999977111816,0.6139099362829654,0.07006403460290556,8.553879734733373,-21.911602440321133,1
ESS,2013,12,1.3554331155748446e-10,-0.04671942039009103,10470400.0,54,2.901904761904762,14.192380905151367,0.6139099362829654,0.07006403460290556,8.553879734733373,-22.72172988419291,1
ESS,2014,1,1.281715955628643e-10,0.10354745158521528,8997800.0,57,2.858095238095238,14.240952400934129,0.46731893818094017,1.2292718166112349,9.355554727243508,-22.777651159462987,1
ESS,2014,2,9.166279175795973e-11,0.05607152286289119,9281600.0,56,2.709473684210526,15.470000116448654,0.46731893818094017,1.2292718166112349,9.355554727243508,-23.11290457955491,1
ESS,2014,3,1.3068922572184813e-10,0.02418021597988762,9965497.0,46,2.723333333333333,14.836666742960611,0.46731893818094017,1.2292718166112349,9.355554727243508,-22.758198933877303,1
ESS,2014,4,8.9134624005678e-11,0.018875086790780315,31981721.0,46,2.705238095238095,14.198095321655273,0.46731893818094017,1.2292718166112349,9.355554727243508,-23.140873259790443,1
ESS,2014,5,8.063638208634912e-11,0.04444238363833075,7797022.0,46,2.559047619047619,12.475238028026762,0.46731893818094017,1.2292718166112349,9.355554727243508,-23.241071177612586,1
ESS,2014,6,7.14745067710533e-11,0.029057282685295727,9350302.0,45,2.5985714285714288,11.541428565979004,0.46731893818094017,1.2292718166112349,9.355554727243508,-23.36168027846377,1
ESS,2014,7,1.0090420291567091e-10,0.025200567582342792,6361177.0,49,2.5422727272727275,12.296363613822244,0.46731893818094017,1.2292718166112349,9.355554727243508,-23.016849535168205,1
ESS,2014,8,8.745876963460204e-11,0.020466800799012086,6104826.0,53,2.42,13.497142927987236,0.46731893818094017,1.2292718166112349,9.355554727243508,-23.15985363779253,1
ESS,2014,9,1.0184055024827349e-10,-0.06933572112944608,7792832.0,55,2.5342857142857143,13.466666630336217,0.46731893818094017,1.2292718166112349,9.355554727243508,-23.00761275862768,1
ESS,2014,10,1.1531879160795979e-10,0.12873019125186058,7978275.0,59,2.304090909090909,18.01608711740245,0.46731893818094017,1.2292718166112349,9.355554727243508,-22.88332072181228,1
ESS,2014,11,9.37414318840126e-11,0.0032231670184712513,6911244.0,54,2.3255555555555554,13.41315786462081,0.46731893818094017,1.2292718166112349,9.355554727243508,-23.090480848491843,1
ESS,2014,12,1.1704387167588094e-10,0.027019653127477117,7110818.0,58,2.2072727272727275,16.3118182962591,0.46731893818094017,1.2292718166112349,9.355554727243508,-22.868472279826342,1
ESS,2015,1,9.639761916803564e-11,0.09414275641715619,9170846.0,58,1.8815000000000002,19.119499969482423,0.46835263472804994,0.03824455753820377,9.393086088801551,-23.062539612044052,1
ESS,2015,2,1.5159444452802715e-10,-0.016014704001620417,6160564.0,57,1.9752631578947368,15.904210492184287,0.46835263472804994,0.03824455753820377,9.393086088801551,-22.609812288985232,1
ESS,2015,3,1.4123795925459287e-10,0.03998774058287147,8401025.0,55,2.0427272727272725,14.812727277929133,0.46835263472804994,0.03824455753820377,9.393086088801551,-22.680574993750763,1
ESS,2015,4,1.4730600941788446e-10,-0.034577945934814336,5541907.0,52,1.935,13.494761875697545,0.46835263472804994,0.03824455753820377,9.393086088801551,-22.63850899615783,1
ESS,2015,5,1.437168046188524e-10,0.0030173047229595795,7165226.0,56,2.1975000000000002,13.3385000705719,0.46835263472804994,0.03824455753820377,9.393086088801551,-22.663176387308823,1
ESS,2015,6,1.3984287442218714e-10,-0.039039072916359774,6943785.0,54,2.3636363636363638,14.33954551003196,0.46835263472804994,0.03824455753820377,9.393086088801551,-22.690501649154005,1
ESS,2015,7,9.166431301240564e-11,0.0584026734580263,6781752.0,60,2.3245454545454547,14.35272723978216,0.46835263472804994,0.03824455753820377,9.393086088801551,-23.11288798348803,1
ESS,2015,8,1.4440603935451368e-10,-0.0457500511544342,6781172.0,60,2.1671428571428573,19.42809536343529,0.46835263472804994,0.03824455753820377,9.393086088801551,-22.658392066559692,1
ESS,2015,9,1.870228176139023e-10,0.04798111573349506,6572121.0,61,2.172857142857143,24.3771428607759,0.46835263472804994,0.03824455753820377,9.393086088801551,-22.399790487192032,1
ESS,2015,10,1.1356499479841685e-10,-0.013337374182388118,9023057.0,61,2.07,16.789545449343596,0.46835263472804994,0.03824455753820377,9.393086088801551,-22.898645801507865,1
ESS,2015,11,1.824526313710039e-10,0.04695238848687855,6209308.0,65,2.263157894736842,16.209999990463256,0.46835263472804994,0.03824455753820377,9.393086088801551,-22.42453053072749,1
ESS,2015,12,1.1166562882705613e-10,0.04349128067908303,9779615.0,62,2.2427272727272727,18.02545473792336,0.46835263472804994,0.03824455753820377,9.393086088801551,-22.915512166900847,1
ESS,2016,1,1.1104978982504558e-10,-0.10985301529050095,10790887.0,60,2.0852631578947367,23.717894805105107,0.48132034225262843,0.01768558022592237,9.410617098933843,-22.92104245820543,1
ESS,2016,2,1.3098196342684148e-10,-0.017971680952996394,11108808.0,61,1.7795,22.516999816894533,0.48132034225262843,0.01768558022592237,9.410617098933843,-22.755961485971245,1
ESS,2016,3,9.706647391062727e-11,0.1251024123462745,9815018.0,58,1.8890909090909092,15.849090966311367,0.48132034225262843,0.01768558022592237,9.410617098933843,-23.055625074086944,1
ESS,2016,4,1.1212171031408794e-10,-0.05734078876883353,9638657.0,58,1.805238095238095,14.300476255871,0.48132034225262843,0.01768558022592237,9.410617098933843,-22.91143613543072,1
ESS,2016,5,1.1091738787030887e-10,0.03075371778378555,7256792.0,58,1.8061904761904761,14.852857044764928,0.48132034225262843,0.01768558022592237,9.410617098933843,-22.922235445130926,1
ESS,2016,6,7.901722265103977e-11,0.010977943401390133,11291601.0,58,1.6440909090909093,17.774545496160332,0.48132034225262843,0.01768558022592237,9.410617098933843,-23.26135527898086,1
ESS,2016,7,9.198189693456418e-11,0.025385928998442386,8215667.0,60,1.504,13.158500051498413,0.48132034225262843,0.01768558022592237,9.410617098933843,-23.109429330692137,1
ESS,2016,8,1.0764610632454204e-10,-0.028990908045694264,6646333.0,58,1.556521739130435,12.399565240611201,0.48132034225262843,0.01768558022592237,9.410617098933843,-22.95217206253969,1
ESS,2016,9,1.1943216970603538e-10,-0.012474623629077253,7903447.0,59,1.6304761904761906,14.219523793175107,0.48132034225262843,0.01768558022592237,9.410617098933843,-22.84827252323551,1
ESS,2016,10,8.886533578121818e-11,-0.03866196020179247,9315058.0,65,1.7645,14.58523804800851,0.48132034225262843,0.01768558022592237,9.410617098933843,-23.14389897316954,1
ESS,2016,11,1.2084006241629631e-10,0.008545859422068869,9633491.0,63,2.1420000000000003,15.236190387180873,0.48132034225262843,0.01768558022592237,9.410617098933843,-22.836553242890048,1
ESS,2016,12,7.820848780678085e-11,0.08435684500381013,8734477.0,63,2.491904761904762,12.472380956013998,0.48132034225262843,0.01768558022592237,9.410617098933843,-23.271642934538637,1
ESS,2017,1,8.431914758445839e-11,-0.03526934013484884,7716926.0,69,2.4325,11.608500003814697,0.4849405867903742,0.022778808729314814,9.433140344273882,-23.196412140479072,1
ESS,2017,2,1.0068951278674554e-10,0.04636662068339836,6720210.0,67,2.4189473684210525,11.530526361967388,0.4849405867903742,0.022778808729314814,9.433140344273882,-23.018979464757933,1
ESS,2017,3,8.606498026637877e-11,-0.00606340171805797,7910690.0,65,2.4817391304347827,11.897826111834982,0.4849405867903742,0.022778808729314814,9.433140344273882,-23.17591852049252,1
ESS,2017,4,6.959325969613308e-11,0.05588865511476837,7092255.0,71,2.2973684210526315,13.136315847698011,0.4849405867903742,0.022778808729314814,9.433140344273882,-23.388353396724167,1
ESS,2017,5,4.753993530942614e-11,0.050926436286633514,8602450.0,68,2.3036363636363637,10.862272782759232,0.4849405867903742,0.022778808729314814,9.433140344273882,-23.76945101475834,1
ESS,2017,6,8.368561249617727e-11,0.008095514451845087,7312976.0,69,2.186818181818182,10.513636328957297,0.4849405867903742,0.022778808729314814,9.433140344273882,-23.20395404692207,1
ESS,2017,7,1.1790320672351736e-10,0.017221113077734662,6642577.0,66,2.318,10.264499998092651,0.4849405867903742,0.022778808729314814,9.433140344273882,-22.86115711008235,1
ESS,2017,8,7.469649399405648e-11,0.01631682275268309,7516100.0,64,2.2091304347826086,11.97565215566884,0.4849405867903742,0.022778808729314814,9.433140344273882,-23.317587959375082,1
ESS,2017,9,7.375500986852511e-11,-0.038288294571269144,7516121.0,67,2.202,10.437999963760376,0.4849405867903742,0.022778808729314814,9.433140344273882,-23.330272192595107,1
ESS,2017,10,7.540101222468916e-11,0.03306883642902303,5547339.0,64,2.3600000000000003,10.125454512509434,0.4849405867903742,0.022778808729314814,9.433140344273882,-23.308200416274122,1
ESS,2017,11,9.290034281987605e-11,-0.0588313638767306,7138836.0,68,2.3533333333333335,10.540476163228353,0.4849405867903742,0.022778808729314814,9.433140344273882,-23.09949377991238,1
ESS,2017,12,8.01755775928212e-11,-0.01565591336355976,7898220.0,69,2.4025,10.264500045776368,0.4849405867903742,0.022778808729314814,9.433140344273882,-23.246802166224096,1
ESS,2018,1,9.88090319771519e-11,-0.03475938696596648,8200483.0,74,2.583809523809524,11.062381017775763,0.48081970697364484,-0.008971882020911925,9.424127972558358,-23.037832098580193,1
ESS,2018,2,1.280120754052358e-10,-0.03927428650721765,10333362.0,72,2.8589473684210525,22.464736637316253,0.48081970697364484,-0.008971882020911925,9.424127972558358,-22.77889651735518,1
ESS,2018,3,1.1280212271071949e-10,0.0836237044731718,9461613.0,71,2.8423809523809522,19.023809750874836,0.48081970697364484,-0.008971882020911925,9.424127972558358,-22.90538595868421,1
ESS,2018,4,8.664688993814559e-11,-0.004114320198994936,7749277.0,70,2.869047619047619,18.26761904216948,0.48081970697364484,-0.008971882020911925,9.424127972558358,-23.169179992642515,1
ESS,2018,5,1.184757692095747e-10,-0.0027528525364683976,7686719.0,68,2.977727272727273,14.124545487490566,0.48081970697364484,-0.008971882020911925,9.424127972558358,-22.856312655506187,1
ESS,2018,6,5.855032024067116e-11,0.008063498241333233,10607940.0,70,2.9123809523809525,13.678095318022228,0.48081970697364484,-0.008971882020911925,9.424127972558358,-23.56113455637508,1
ESS,2018,7,9.420479505159295e-11,0.005771951177814483,7290978.0,68,2.889047619047619,13.147619065784273,0.48081970697364484,-0.008971882020911925,9.424127972558358,-23.085550032758587,1
ESS,2018,8,9.429465263852057e-11,0.024245410712738336,7455572.0,68,2.889130434782609,12.546956518422002,0.48081970697364484,-0.008971882020911925,9.424127972558358,-23.08459663374511,1
ESS,2018,9,9.066050180944135e-11,0.009448154220979887,7291676.0,67,3.004210526315789,12.910526325828151,0.48081970697364484,-0.008971882020911925,9.424127972558358,-23.123899335361216,1
ESS,2018,10,9.281039082969096e-11,0.01649694634197818,11791147.0,67,3.152272727272727,19.352173639380414,0.48081970697364484,-0.008971882020911925,9.424127972558358,-23.10046251225705,1
ESS,2018,11,8.689122298059902e-11,0.04677309506536509,8160621.0,68,3.117,19.389047622680664,0.48081970697364484,-0.008971882020911925,9.424127972558358,-23.166364090132188,1
ESS,2018,12,1.38822763679858e-10,-0.058818024249814416,6947777.0,60,2.8326315789473684,24.953157726087067,0.48081970697364484,-0.008971882020911925,9.424127972558358,-22.69782307784575,1
ESS,2019,1,9.38218169653881e-11,0.10598996577661346,7614512.0,56,2.713809523809524,19.57238079252697,0.49305716740237715,0.025986716620923556,9.449782772459892,-23.089623696711946,1
ESS,2019,2,7.935808072902434e-11,0.031858373557319464,5055323.0,58,2.6763157894736844,15.234736844112998,0.49305716740237715,0.025986716620923556,9.449782772459892,-23.25705083760647,1
ESS,2019,3,7.80251699348508e-11,0.040536182124244924,5731065.0,62,2.570952380952381,14.485238075256348,0.49305716740237715,0.025986716620923556,9.449782772459892,-23.273989649820205,1
ESS,2019,4,1.0038489002812131e-10,-0.023302588782999067,6411599.0,62,2.532380952380952,12.949047588166737,0.49305716740237715,0.025986716620923556,9.449782772459892,-23.022009417724714,1
ESS,2019,5,8.520384768172719e-11,0.03270785789622077,5881018.0,63,2.395,16.721818056973543,0.49305716740237715,0.025986716620923556,9.449782772459892,-23.185974522529335,1
ESS,2019,6,9.560070513747186e-11,0.0074189458992171,5552545.0,66,2.074,15.835999870300293,0.49305716740237715,0.025986716620923556,9.449782772459892,-23.070840919983418,1
ESS,2019,7,1.2380460226098105e-10,0.03525035047455627,5694850.0,64,2.059090909090909,13.30590907010165,0.49305716740237715,0.025986716620923556,9.449782772459892,-22.812316581401486,1
ESS,2019,8,1.0733108870428685e-10,0.06300241425880904,7320823.0,65,1.6263636363636365,18.979090907356955,0.49305716740237715,0.025986716620923556,9.449782772459892,-22.9551027719639,1
ESS,2019,9,6.129734247862998e-11,0.02285364249798616,6074852.0,67,1.6995,15.558999872207641,0.49305716740237715,0.025986716620923556,9.449782772459892,-23.515284626640167,1
ESS,2019,10,5.2716225856616887e-11,0.001470254566474427,7268654.0,68,1.7068181818181818,15.466521760691768,0.49305716740237715,0.025986716620923556,9.449782772459892,-23.666097816752547,1
ESS,2019,11,6.347963315890932e-11,-0.045699048017024846,7974896.0,71,1.8121052631578947,12.523499965667725,0.49305716740237715,0.025986716620923556,9.449782772459892,-23.480301999132195,1
ESS,2019,12,6.467416858464499e-11,-0.03001632979659319,7985071.0,71,1.8628571428571428,13.756666637602306,0.49305716740237715,0.025986716620923556,9.449782772459892,-23.461659243220957,1
ESS,2020,1,6.334598438467653e-11,0.029582024625704362,11237635.0,76,1.7576190476190479,13.94095243726458,0.5195310793907659,0.018163293495957022,9.467783083909161,-23.482409598941974,1
ESS,2020,2,7.536302459928793e-11,-0.08522645680275553,8753912.0,75,1.5042105263157897,19.628947358382376,0.5195310793907659,0.018163293495957022,9.467783083909161,-23.308704351124973,1
ESS,2020,3,3.0822964419796594e-10,-0.2155950357665044,16055204.0,74,0.87,57.7368184002963,0.5195310793907659,0.018163293495957022,9.467783083909161,-21.900176012729766,1
ESS,2020,4,3.020453447508038e-10,0.10833560900338135,11673339.0,72,0.6576190476190477,41.45380964733305,0.5195310793907659,0.018163293495957022,9.467783083909161,-21.92044396164332,1
ESS,2020,5,1.9472983465622133e-10,-0.005450240462060663,9348768.0,30,0.674,30.89700002670288,0.5195310793907659,0.018163293495957022,9.467783083909161,-22.359407981307903,1
ESS,2020,6,1.6124176098863809e-10,-0.0473585551291712,12363672.0,37,0.7286363636363636,31.11954550309615,0.5195310793907659,0.018163293495957022,9.467783083909161,-22.548116256202146,1
ESS,2020,7,1.5204414524154525e-10,-0.03678479744754448,9101901.0,58,0.6236363636363637,26.840454621748492,0.5195310793907659,0.018163293495957022,9.467783083909161,-22.606850208027982,1
ESS,2020,8,1.680088435750648e-10,-0.019163911676876255,7878640.0,72,0.65,22.88952382405599,0.5195310793907659,0.018163293495957022,9.467783083909161,-22.507004497582976,1
ESS,2020,9,2.077220396302647e-10,-0.06295517531686134,9037755.0,78,0.6795238095238095,27.647619065784273,0.5195310793907659,0.018163293495957022,9.467783083909161,-22.29482027786784,1
ESS,2020,10,1.7734935611898875e-10,0.018924352856270588,10844859.0,83,0.7871428571428571,29.438636086203836,0.5195310793907659,0.018163293495957022,9.467783083909161,-22.452899565282248,1
ESS,2020,11,1.4834990465898316e-10,0.20181926525835547,13030591.0,85,0.8700000000000001,24.995500087738037,0.5195310793907659,0.018163293495957022,9.467783083909161,-22.63144741186814,1
ESS,2020,12,1.2381997202369446e-10,-0.02595843853301094,9621812.0,90,0.9336363636363636,22.374090974981133,0.5195310793907659,0.018163293495957022,9.467783083909161,-22.812192443780837,1
ESS,2021,1,1.4422935585376066e-10,0.009223467768249893,8305601.0,86,1.0810526315789473,24.90999984741211,0.5221391992366751,0.0047692606556017925,9.472541007672602,-22.659616334447513,1
ESS,2021,2,1.0069340637160844e-10,0.06335379199178526,9357610.0,83,1.2578947368421052,23.140526219418174,0.5221391992366751,0.0047692606556017925,9.472541007672602,-23.018940796286152,1
ESS,2021,3,1.0387001258407675e-10,0.0749331907046289,10978650.0,84,1.6108695652173912,21.843043534652047,0.5221391992366751,0.0047692606556017925,9.472541007672602,-22.987880877536657,1
ESS,2021,4,9.775782191646007e-11,0.06871647903497591,7775890.0,82,1.635,17.416190556117467,0.5221391992366751,0.0047692606556017925,9.472541007672602,-23.04852790065874,1
ESS,2021,5,1.1982141734032184e-10,0.01641960692283284,6517016.0,83,1.621,19.7604998588562,0.5221391992366751,0.0047692606556017925,9.472541007672602,-22.84501867043001,1
ESS,2021,6,8.674796783489416e-11,0.023011287090674903,7636580.0,83,1.5190909090909093,16.956818147139117,0.5221391992366751,0.0047692606556017925,9.472541007672602,-23.16801412291032,1
ESS,2021,7,9.747394245448979e-11,0.09363099504838335,6645158.0,81,1.3185714285714287,17.60333351861863,0.5221391992366751,0.0047692606556017925,9.472541007672602,-23.05143603052126,1
ESS,2021,8,9.085038668369982e-11,0.008044404421592377,5871771.0,80,1.2831818181818182,17.47772723978216,0.5221391992366751,0.0047692606556017925,9.472541007672602,-23.12180706480814,1
ESS,2021,9,1.1795865498126214e-10,-0.027019999264785932,6102953.0,75,1.3747619047619049,19.8247617994036,0.5221391992366751,0.0047692606556017925,9.472541007672602,-22.860686934375558,1
ESS,2021,10,9.759825142660988e-11,0.06314864899449724,5182066.0,76,1.5825,17.869047573634557,0.5221391992366751,0.0047692606556017925,9.472541007672602,-23.050161538380955,1
ESS,2021,11,1.4382596945460986e-10,-0.0014415165738452806,5085684.0,80,1.5595,18.500476246788388,0.5221391992366751,0.0047692606556017925,9.472541007672602,-22.66241709268663,1
ESS,2021,12,1.2178587568654166e-10,0.043835956510604124,7165256.0,83,1.4649999999999999,21.354545506564055,0.5221391992366751,0.0047692606556017925,9.472541007672602,-22.82875673054168,1
ESS,2022,1,9.267615365684637e-11,-0.05601414128563409,6097698.0,84,1.764,23.18100004196167,0.5213520187862106,-0.048082328547139896,9.423264280175932,-23.10190991855438,1
ESS,2022,2,1.306964094546027e-10,-0.04610692628974078,6268452.0,83,1.9342105263157894,25.74842111687911,0.5213520187862106,-0.048082328547139896,9.423264280175932,-22.758143967331403,1
ESS,2022,3,9.865600301036036e-11,0.09613136959716662,8689331.0,81,2.1278260869565218,26.968695682028066,0.5213520187862106,-0.048082328547139896,9.423264280175932,-23.0393820337111,1
ESS,2022,4,1.4356442295227185e-10,-0.046921255095030645,5054374.0,79,2.7475,24.37350015640259,0.5213520187862106,-0.048082328547139896,9.423264280175932,-22.664237241038528,1
ESS,2022,5,1.2112654607690545e-10,-0.1379405645443783,10952936.0,77,2.8980952380952383,29.445714587257022,0.5213520187862106,-0.048082328547139896,9.423264280175932,-22.834185281490264,1
ESS,2022,6,1.1266764387798294e-10,-0.07097805486267972,10833913.0,69,3.1433333333333335,28.100000018165225,0.5213520187862106,-0.048082328547139896,9.423264280175932,-22.906578835678033,1
ESS,2022,7,8.172907170231052e-11,0.09567738541865944,8633694.0,67,2.896,24.86850004196167,0.5213520187862106,-0.048082328547139896,9.423264280175932,-23.227611342567172,1
ESS,2022,8,1.2732100063747554e-10,-0.07492956239042436,7923324.0,55,2.8978260869565218,22.169565366662066,0.5213520187862106,-0.048082328547139896,9.423264280175932,-22.78430965431309,1
ESS,2022,9,1.3079128175317176e-10,-0.07770916373488368,8745210.0,49,3.5190476190476194,27.406190418061755,0.5213520187862106,-0.048082328547139896,9.423264280175932,-22.757418332390092,1
ESS,2022,10,1.783938796203224e-10,-0.08252614264739999,12098332.0,46,3.9835000000000003,30.005714416503906,0.5213520187862106,-0.048082328547139896,9.423264280175932,-22.447027203432114,1
ESS,2022,11,9.831863728279558e-11,-0.008370483507887605,13563112.0,38,3.8909999999999996,23.436190650576638,0.5213520187862106,-0.048082328547139896,9.423264280175932,-23.042807510787206,1
ESS,2022,12,1.0508832630260377e-10,-0.028407665751622457,10421850.0,33,3.616190476190476,21.784285681588308,0.5213520187862106,-0.048082328547139896,9.423264280175932,-22.976219916501936,1
ESS,2023,1,1.4792864630610344e-10,0.06676980275907973,10312130.0,31,3.5315,20.202999973297118,0.5448597479886425,-0.0009276721998593418,9.422336177421922,-22.634291077974787,1
ESS,2023,2,9.470586825812324e-11,0.00880419646541486,11184862.0,35,3.7468421052631578,20.06210537960655,0.5448597479886425,-0.0009276721998593418,9.422336177421922,-23.080245150833537,1
ESS,2023,3,1.6769185538745748e-10,-0.07258730931710378,12636351.0,42,3.6630434782608696,21.644347895746645,0.5448597479886425,-0.0009276721998593418,9.422336177421922,-22.508893014841345,1
ESS,2023,4,1.3827031083094862e-10,0.05063594835034202,6912456.0,44,3.46,17.8178946344476,0.5448597479886425,-0.0009276721998593418,9.422336177421922,-22.70181057253063,1
ESS,2023,5,1.1698178812989436e-10,-0.016699560578319006,7651140.0,45,3.5736363636363637,17.64409099925648,0.5448597479886425,-0.0009276721998593418,9.422336177421922,-22.869002850256052,1
ESS,2023,6,1.378363361046497e-10,0.09516816943754747,9750094.0,50,3.7480952380952384,13.994285628909157,0.5448597479886425,-0.0009276721998593418,9.422336177421922,-22.704954104846756,1
ESS,2023,7,1.084611270989907e-10,0.039479391341606496,9873029.0,55,3.8994999999999997,13.943999910354615,0.5448597479886425,-0.0009276721998593418,9.422336177421922,-22.944629282729405,1
ESS,2023,8,9.666912280403864e-11,-0.021185150115309748,7006772.0,56,4.167826086956522,15.853912975477135,0.5448597479886425,-0.0009276721998593418,9.422336177421922,-23.059727073621282,1
ESS,2023,9,1.141452227989248e-10,-0.10057219239686654,8149989.0,50,4.379,15.241000032424926,0.5448597479886425,-0.0009276721998593418,9.422336177421922,-22.893549594035015,1
ESS,2023,10,1.459794277530871e-10,0.008628815186504157,10132365.0,44,4.798095238095239,18.887727303938433,0.5448597479886425,-0.0009276721998593418,9.422336177421922,-22.64755540994914,1
ESS,2023,11,1.9094018522187177e-10,-0.0021510469511337726,7704143.0,40,4.502857142857143,14.077142897106352,0.5448597479886425,-0.0009276721998593418,9.422336177421922,-22.37906090330638,1
ESS,2023,12,1.2547045425425655e-10,0.17235079284597732,9521186.0,34,4.0200000000000005,12.718499994277954,0.5448597479886425,-0.0009276721998593418,9.422336177421922,-22.798950809342227,1
ESS,2024,1,9.196773807949442e-11,-0.05916801606296507,8760326.0,37,4.058095238095238,13.395238149733771,0.5551110632883329,0.045782092957390885,9.467101197229653,-23.109583273428655,1
ESS,2024,2,1.1600042029927498e-10,-0.008016004892746453,9292427.0,44,4.2075000000000005,13.944000101089477,0.5551110632883329,0.045782092957390885,9.467101197229653,-22.877427301559134,1
ESS,2024,3,1.3479135955791776e-10,0.0686883557075797,7525464.0,48,4.2085,13.787499904632568,0.5551110632883329,0.045782092957390885,9.467101197229653,-22.727293017739754,1
ESS,2024,4,1.5256702930074577e-10,0.005883879681028992,7684309.0,51,4.539090909090909,16.137727087194268,0.5551110632883329,0.045782092957390885,9.467101197229653,-22.603417080050576,1
ESS,2024,5,1.4523055090727333e-10,0.05498400303232964,7194036.0,51,4.482272727272727,13.090454535050826,0.5551110632883329,0.045782092957390885,9.467101197229653,-22.65269862997255,1
ESS,2024,6,1.0518017966020719e-10,0.05719933558633783,7078462.0,45,4.3052631578947365,12.676842037000155,0.5551110632883329,0.045782092957390885,9.467101197229653,-22.975346239647426,1
ESS,2024,7,1.0160894632006303e-10,0.022631162758145473,8003860.0,43,4.248636363636364,14.470000050284646,0.5551110632883329,0.045782092957390885,9.467101197229653,-23.009889530329392,1
ESS,2024,8,1.0290925748122973e-10,0.08416940541270468,7539705.0,41,3.8709090909090906,19.31227272207087,0.5551110632883329,0.045782092957390885,9.467101197229653,-22.997173511331244,1
ESS,2024,9,6.516030175688795e-11,-0.012987654634043944,9258708.0,39,3.7235,17.768999814987183,0.5551110632883329,0.045782092957390885,9.467101197229653,-23.454170701191185,1
ESS,2024,10,1.1595070210011588e-10,-0.03912759808970778,7667305.0,41,4.095454545454545,19.96086958180303,0.5551110632883329,0.045782092957390885,9.467101197229653,-22.877855997048137,1
ESS,2024,11,1.1831361516641708e-10,0.09370881689481192,6551986.0,43,4.35578947368421,16.121000051498413,0.5551110632883329,0.045782092957390885,9.467101197229653,-22.857682261402438,1
ESS,2024,12,1.0133405809547708e-10,-0.08058883031658282,7769890.0,46,4.3914285714285715,15.866190592447916,0.5551110632883329,0.045782092957390885,9.467101197229653,-23.012598550958018,1
MAA,2000,8,1.931256301235139e-08,0.021108494051029103,372900.0,59,5.826086956521739,18.08869569197945,0.6277137626162876,0.003809603002102646,7.17301611356781,-17.76251001951829,1
MAA,2000,9,1.5784031547800835e-08,-0.010338097499794419,353400.0,60,5.799,19.6875,0.6277137626162876,0.003809603002102646,7.17301611356781,-17.96426706950782,1
MAA,2000,10,1.138000860145071e-08,-0.05677930795047992,752200.0,60,5.738571428571428,25.200000069358133,0.6277137626162876,0.003809603002102646,7.17301611356781,-18.29140765240926,1
MAA,2000,11,2.129923478038705e-08,-0.034091601313465225,351800.0,62,5.717142857142857,26.382857095627557,0.6277137626162876,0.003809603002102646,7.17301611356781,-17.664594690679802,1
MAA,2000,12,1.6151988393025293e-08,0.061765309851546046,602800.0,63,5.2405,26.530499839782713,0.6277137626162876,0.003809603002102646,7.17301611356781,-17.941222674545266,1
MAA,2001,1,6.674784149593167e-09,0.03622603236306876,1005900.0,57,5.160952380952381,24.91857147216797,0.6499689747745921,-0.030897297148042013,7.141631429355368,-18.824928970322556,1
MAA,2001,2,6.978983476364511e-09,-0.043858575627535146,703800.0,52,5.098947368421053,23.411579132080078,0.6499689747745921,-0.030897297148042013,7.141631429355368,-18.78036256453642,1
MAA,2001,3,9.766894133256309e-09,0.031194162144927873,751500.0,58,4.885454545454546,28.496818369085137,0.6499689747745921,-0.030897297148042013,7.141631429355368,-18.44426731976821,1
MAA,2001,4,6.550114160762986e-09,0.04513380726664229,666800.0,60,5.141,28.13399991989136,0.6499689747745921,-0.030897297148042013,7.141631429355368,-18.843783358327016,1
MAA,2001,5,1.0873311496434098e-08,0.05240391812050427,702500.0,59,5.391363636363637,22.944090929898348,0.6499689747745921,-0.030897297148042013,7.141631429355368,-18.33695453672219,1
MAA,2001,6,9.032419395449596e-09,0.061825784918501325,559600.0,58,5.284285714285714,20.94047619047619,0.6499689747745921,-0.030897297148042013,7.141631429355368,-18.52244557678276,1
MAA,2001,7,9.990027830040819e-09,0.029094612602225345,567200.0,59,5.236190476190477,22.31619053795224,0.6499689747745921,-0.030897297148042013,7.141631429355368,-18.421678458499958,1
MAA,2001,8,7.870708519937076e-09,0.0019428958314626765,585600.0,57,4.971304347826087,21.86173903423807,0.6499689747745921,-0.030897297148042013,7.141631429355368,-18.66011775062311,1
MAA,2001,9,1.4954808512176036e-08,0.00775264708847212,465000.0,59,4.731764705882353,35.065333429972334,0.6499689747745921,-0.030897297148042013,7.141631429355368,-18.01823294921421,1
MAA,2001,10,1.1044648520820086e-08,-0.032581157539180006,588400.0,55,4.566818181818181,32.721304603244945,0.6499689747745921,-0.030897297148042013,7.141631429355368,-18.321319823050565,1
MAA,2001,11,1.1080179942924806e-08,0.049632490992186584,496100.0,46,4.6515,26.63095238095238,0.6499689747745921,-0.030897297148042013,7.141631429355368,-18.31810791542297,1
MAA,2001,12,1.6323311702053355e-08,0.019380376664532628,483400.0,48,5.0875,23.720000076293946,0.6499689747745921,-0.030897297148042013,7.141631429355368,-17.930671585076585,1
MAA,2002,1,7.030220530979432e-09,-0.00047196776215796543,632100.0,55,5.035714285714286,22.252857208251953,0.700213075459048,-0.01901165662040316,7.122436727482266,-18.773047761633016,1
MAA,2002,2,6.204894393418588e-09,-0.002333416933795185,539500.0,58,4.911578947368421,22.875789843107526,0.700213075459048,-0.01901165662040316,7.122436727482266,-18.89792743802878,1
MAA,2002,3,5.336585873900917e-09,0.019493252287686502,998000.0,58,5.284000000000001,18.98499994277954,0.700213075459048,-0.01901165662040316,7.122436727482266,-19.048679737902084,1
MAA,2002,4,6.11159795593314e-09,0.04556613121618547,1401300.0,62,5.210909090909091,19.900454607876863,0.700213075459048,-0.01901165662040316,7.122436727482266,-18.913077566706956,1
MAA,2002,5,6.336991690628606e-09,-0.026924017010182544,901900.0,61,5.164545454545455,20.08772711320357,0.700213075459048,-0.01901165662040316,7.122436727482266,-18.87686167785276,1
MAA,2002,6,5.380755536260251e-09,0.028055116506720434,969400.0,61,4.9265,25.270999908447266,0.700213075459048,-0.01901165662040316,7.122436727482266,-19.040437038383565,1
MAA,2002,7,7.079323823293322e-09,-0.014445149153259562,1320600.0,61,4.653181818181818,34.049544941295274,0.700213075459048,-0.01901165662040316,7.122436727482266,-18.76608743898625,1
MAA,2002,8,1.5153067138187316e-08,-0.02136076291931277,780900.0,61,4.257272727272727,33.742727366360754,0.700213075459048,-0.01901165662040316,7.122436727482266,-18.005062874116046,1
MAA,2002,9,9.985309521647607e-09,-0.01150902921548902,638300.0,55,3.87,37.6475004196167,0.700213075459048,-0.01901165662040316,7.122436727482266,-18.422150871896328,1
MAA,2002,10,1.3373984207705809e-08,-0.028449406276195188,1063000.0,63,3.940909090909091,35.243043484895125,0.700213075459048,-0.01901165662040316,7.122436727482266,-18.129954494135884,1
MAA,2002,11,1.23768813615795e-08,0.05508767557146421,607000.0,61,4.048421052631579,28.174999713897705,0.700213075459048,-0.01901165662040316,7.122436727482266,-18.207435510828383,1
MAA,2002,12,1.0608896372621512e-08,-0.018074023531290395,742900.0,62,4.032380952380952,28.21047628493536,0.700213075459048,-0.01901165662040316,7.122436727482266,-18.361572907391288,1
MAA,2003,1,5.869827104744179e-09,-0.0025860774339320214,907800.0,63,4.048571428571428,27.424285707019624,0.720367030137224,2.20224800959855,7.248883090150228,-18.953440657587173,1
MAA,2003,2,6.915698058771952e-09,-0.020588708938647393,712200.0,62,3.9026315789473687,32.218421032554225,0.720367030137224,2.20224800959855,7.248883090150228,-18.78947192843991,1
MAA,2003,3,6.788187226159249e-09,0.016732593426905806,759400.0,63,3.8071428571428574,30.634285699753534,0.720367030137224,2.20224800959855,7.248883090150228,-18.808081908022093,1
MAA,2003,4,6.8906829847762e-09,0.10939351521149088,901400.0,56,3.958571428571428,23.991904758271716,0.720367030137224,2.20224800959855,7.248883090150228,-18.793095629870432,1
MAA,2003,5,5.015720524640515e-09,0.021401606949000396,897300.0,55,3.5690476190476192,20.23952375139509,0.720367030137224,2.20224800959855,7.248883090150228,-19.110688751946235,1
MAA,2003,6,9.453970876598674e-09,0.028951869559446397,956200.0,60,3.334285714285714,20.362380799793062,0.720367030137224,2.20224800959855,7.248883090150228,-18.47683098511759,1
MAA,2003,7,8.089635870509676e-09,0.08075425525296454,1021700.0,63,3.975454545454546,19.16136360168457,0.720367030137224,2.20224800959855,7.248883090150228,-18.632682116714733,1
MAA,2003,8,5.993883333451817e-09,0.027622357775427764,1090800.0,65,4.4452380952380945,19.27428572518485,0.720367030137224,2.20224800959855,7.248883090150228,-18.93252633212995,1
MAA,2003,9,5.64176439737101e-09,0.026877119670861038,1097800.0,67,4.274285714285715,19.53238096691313,0.720367030137224,2.20224800959855,7.248883090150228,-18.99306898394625,1
MAA,2003,10,4.6826679854979494e-09,0.060094313572037095,1578200.0,67,4.290454545454545,18.0234783006751,0.720367030137224,2.20224800959855,7.248883090150228,-19.179397807080722,1
MAA,2003,11,4.887999714872047e-09,0.04649755382643028,903113.0,69,4.300000000000001,17.401052575362357,0.720367030137224,2.20224800959855,7.248883090150228,-19.13648267340935,1
MAA,2003,12,4.758906039903765e-09,0.021912646614449693,1001900.0,68,4.267727272727273,16.826363650235262,0.720367030137224,2.20224800959855,7.248883090150228,-19.16324801866619,1
MAA,2004,1,2.784116229655551e-09,0.045534889716176696,917200.0,69,4.1505,16.100999975204466,0.7446631986846279,0.08231161302294376,7.327982226359833,-19.699335346187826,1
MAA,2004,2,4.92242774310868e-09,0.039119900931526175,1212100.0,68,4.084210526315789,15.998421167072497,0.7446631986846279,0.08231161302294376,7.327982226359833,-19.129463984424238,1
MAA,2004,3,2.9669184659193815e-09,0.03541670959826626,2016600.0,66,3.826521739130435,17.687391198199727,0.7446631986846279,0.08231161302294376,7.327982226359833,-19.635741976325605,1
MAA,2004,4,6.181893926743707e-09,-0.11566528804195164,2711600.0,66,4.347619047619047,15.6985715230306,0.7446631986846279,0.08231161302294376,7.327982226359833,-18.90164115178814,1
MAA,2004,5,6.31893252829464e-09,0.09395215786985678,1194200.0,69,4.7155000000000005,17.704999876022338,0.7446631986846279,0.08231161302294376,7.327982226359833,-18.879715546804338,1
MAA,2004,6,4.372200519835017e-09,0.07397957113539944,1488500.0,69,4.733809523809524,15.35714290255592,0.7446631986846279,0.08231161302294376,7.327982226359833,-19.247999403128738,1
MAA,2004,7,4.580884112206108e-09,-0.039355412576239424,1274300.0,68,4.498095238095239,15.502380916050502,0.7446631986846279,0.08231161302294376,7.327982226359833,-19.20137381985009,1
MAA,2004,8,5.643592167801445e-09,0.10599845693493037,1085100.0,67,4.281363636363636,16.684090744365346,0.7446631986846279,0.08231161302294376,7.327982226359833,-18.992745064992366,1
MAA,2004,9,4.706930649132388e-09,-0.017652895562009885,1306900.0,70,4.1257142857142854,14.08095241728283,0.7446631986846279,0.08231161302294376,7.327982226359833,-19.174229808196092,1
MAA,2004,10,4.691330532463779e-09,0.025049404249162466,1017100.0,67,4.0969999999999995,14.973809560139975,0.7446631986846279,0.08231161302294376,7.327982226359833,-19.177549599100942,1
MAA,2004,11,5.504437478290664e-09,0.0033057759256946984,1080700.0,69,4.194,13.577142897106352,0.7446631986846279,0.08231161302294376,7.327982226359833,-19.017711255772966,1
MAA,2004,12,3.058367491095204e-09,0.044605291753679666,1838900.0,70,4.2309090909090905,12.459545438939875,0.7446631986846279,0.08231161302294376,7.327982226359833,-19.605384562985783,1
MAA,2005,1,2.1424058583870346e-09,-0.06883047093544226,2254200.0,71,4.221500000000001,13.43799991607666,0.7501848188138867,0.03162962529897073,7.359121938788522,-19.96133640649807,1
MAA,2005,2,3.1875304237771543e-09,-0.006875278143131047,1758500.0,70,4.165263157894737,11.708947482861971,0.7501848188138867,0.03162962529897073,7.359121938788522,-19.564019381793017,1
MAA,2005,3,3.75886664775113e-09,-0.028221016090205442,1850100.0,69,4.497727272727273,13.126363667574795,0.7501848188138867,0.03162962529897073,7.359121938788522,-19.399148348452236,1
MAA,2005,4,4.551380920842885e-09,0.06426932019168063,1227700.0,70,4.3409523809523805,14.459047589983259,0.7501848188138867,0.03162962529897073,7.359121938788522,-19.207835150943733,1
MAA,2005,5,4.012669123350885e-09,0.05937827600427048,1274700.0,67,4.144285714285714,13.967618987673806,0.7501848188138867,0.03162962529897073,7.359121938788522,-19.33380920025681,1
MAA,2005,6,2.199758119663789e-09,0.12148418567515695,2575300.0,70,3.998181818181818,11.868636348030783,0.7501848188138867,0.03162962529897073,7.359121938788522,-19.93491842823397,1
MAA,2005,7,1.7276860298579397e-09,0.07349222410015344,2078400.0,72,4.1775,11.049000024795532,0.7501848188138867,0.03162962529897073,7.359121938788522,-20.17648287875727,1
MAA,2005,8,1.937612451960421e-09,-0.06957473952718951,2329200.0,70,4.262608695652174,12.951304394265879,0.7501848188138867,0.03162962529897073,7.359121938788522,-20.061809316663776,1
MAA,2005,9,1.9134207021896302e-09,0.038168760664520685,2013100.0,67,4.199047619047619,12.628095263526554,0.7501848188138867,0.03162962529897073,7.359121938788522,-20.074373253160264,1
MAA,2005,10,3.809142366453833e-09,0.016392757856247497,1941600.0,65,4.4635,14.937618982224237,0.7501848188138867,0.03162962529897073,7.359121938788522,-19.385861773815044,1
MAA,2005,11,1.8193615073663642e-09,0.041155442530748765,2247700.0,68,4.535,12.147619111197335,0.7501848188138867,0.03162962529897073,7.359121938788522,-20.124780217537857,1
MAA,2005,12,2.9825612376351343e-09,-0.001440432704796435,1784900.0,61,4.467142857142857,11.260000001816522,0.7501848188138867,0.03162962529897073,7.359121938788522,-19.63048342985037,1
MAA,2006,1,1.825955146256566e-09,0.06526531670822155,2301400.0,57,4.416,12.03600001335144,0.7242337600177712,0.1121896365198154,7.46545265651591,-20.121162619009304,1
MAA,2006,2,1.200466471099092e-09,0.06366397246234312,2362300.0,57,4.568947368421052,12.47105262154027,0.7242337600177712,0.1121896365198154,7.46545265651591,-20.540555629770893,1
MAA,2006,3,1.8536196195945552e-09,0.008288359089584363,2601900.0,56,4.7239130434782615,11.693913003672725,0.7242337600177712,0.1121896365198154,7.46545265651591,-20.106125558277192,1
MAA,2006,4,1.4082375794297833e-09,-0.02074624150140547,3968800.0,54,4.990526315789474,11.847368441129985,0.7242337600177712,0.1121896365198154,7.46545265651591,-20.380926858054305,1
MAA,2006,5,2.0876153733788973e-09,-0.04717060048275823,2866100.0,51,5.11,14.454545411196621,0.7242337600177712,0.1121896365198154,7.46545265651591,-19.98724339204629,1
MAA,2006,6,1.2245988355378814e-09,0.10395930357911642,3913100.0,46,5.106363636363636,16.91863627867265,0.7242337600177712,0.1121896365198154,7.46545265651591,-20.520652527776964,1
MAA,2006,7,1.4399772704214955e-09,0.03564521477988403,3031600.0,42,5.0875,15.325999879837036,0.7242337600177712,0.1121896365198154,7.46545265651591,-20.358638507912595,1
MAA,2006,8,4.879777149452705e-10,0.057422218179567386,6604400.0,39,4.8765217391304345,13.351739137069039,0.7242337600177712,0.1121896365198154,7.46545265651591,-21.440751377213886,1
MAA,2006,9,5.698645910121426e-10,0.013579913310829417,3918100.0,33,4.718999999999999,12.184499979019165,0.7242337600177712,0.1121896365198154,7.46545265651591,-21.28562234294953,1
MAA,2006,10,1.1356415734748306e-09,0.049289282091516284,2827400.0,30,4.729047619047619,11.306363625959916,0.7242337600177712,0.1121896365198154,7.46545265651591,-20.596068082740562,1
MAA,2006,11,1.704392358982973e-09,-0.05734499846690844,2761900.0,31,4.595238095238095,10.817619051252093,0.7242337600177712,0.1121896365198154,7.46545265651591,-20.190057177425388,1
MAA,2006,12,7.160839575675494e-10,-0.04600158989489167,2927600.0,33,4.5645,10.964500045776367,0.7242337600177712,0.1121896365198154,7.46545265651591,-21.057223696669666,1
MAA,2007,1,8.371177519669766e-10,0.061424682267327224,3682600.0,33,4.7595238095238095,11.042500066757203,0.7590432229224665,0.021284221301855144,7.486513532377266,-20.90105637198043,1
MAA,2007,2,7.262861382836125e-10,-0.08133758943884284,4296900.0,35,4.722631578947369,11.155263097662674,0.7590432229224665,0.021284221301855144,7.486513532377266,-21.04307704888529,1
MAA,2007,3,1.1825093444398872e-09,0.01864893963208769,4736552.0,39,4.5645454545454545,15.162727269259365,0.7590432229224665,0.021284221301855144,7.486513532377266,-20.555627093318936,1
MAA,2007,4,1.0213529003289516e-09,-0.030720914791589893,3053080.0,36,4.6938095238095245,12.93299994468689,0.7590432229224665,0.021284221301855144,7.486513532377266,-20.702137715634166,1
MAA,2007,5,9.37260158340343e-10,0.08897250245764377,5492400.0,33,4.746363636363636,13.297727324745871,0.7590432229224665,0.021284221301855144,7.486513532377266,-20.788060221917977,1
MAA,2007,6,1.179622155431705e-09,-0.1067249562785656,5256900.0,30,5.102857142857142,14.947618938627697,0.7590432229224665,0.021284221301855144,7.486513532377266,-20.558071657007396,1
MAA,2007,7,1.2058199994440474e-09,-0.1305939933102762,5049094.0,28,5.0042857142857144,17.273333277021134,0.7590432229224665,0.021284221301855144,7.486513532377266,-20.536106003973266,1
MAA,2007,8,1.6786189569127718e-09,0.09882490508276587,7644800.0,24,4.674782608695652,25.026086724322774,0.7590432229224665,0.021284221301855144,7.486513532377266,-20.205294431055865,1
MAA,2007,9,1.7545352388194167e-09,0.00524288061208944,3208700.0,22,4.521578947368421,22.19894740456029,0.7590432229224665,0.021284221301855144,7.486513532377266,-20.161061836285423,1
MAA,2007,10,1.3538831552416794e-09,0.05479807430688255,6048300.0,20,4.527727272727272,19.115652084350586,0.7590432229224665,0.021284221301855144,7.486513532377266,-20.420288962161074,1
MAA,2007,11,1.7944611667052667e-09,-0.07134539653380512,6526072.0,19,4.1485,25.582380930582683,0.7590432229224665,0.021284221301855144,7.486513532377266,-20.138561045750425,1
MAA,2007,12,2.0842511843432475e-09,-0.11472346893349705,5089400.0,19,4.0975,21.651000022888184,0.7590432229224665,0.021284221301855144,7.486513532377266,-19.98885619040325,1
MAA,2008,1,1.5004316098298416e-09,0.0873166593811181,7656800.0,18,3.744285714285714,25.816190719604492,0.7697048057836943,0.07743653795053551,7.561098176144804,-20.317513030340866,1
MAA,2008,2,1.1376754073918617e-09,0.05850319402584203,8006800.0,19,3.7375,25.456000137329102,0.7697048057836943,0.07743653795053551,7.561098176144804,-20.594278772691165,1
MAA,2008,3,1.0428070193853256e-09,0.02784009948443167,8412600.0,20,3.5100000000000002,27.103500080108642,0.7697048057836943,0.07743653795053551,7.561098176144804,-20.681349702605583,1
MAA,2008,4,1.2480854110210639e-09,0.06628698365424524,5926300.0,20,3.675,21.562727321277965,0.7697048057836943,0.07743653795053551,7.561098176144804,-20.50165513102281,1
MAA,2008,5,5.04400775171062e-10,0.06628433150009583,6507100.0,20,3.8800000000000003,18.303333009992325,0.7697048057836943,0.07743653795053551,7.561098176144804,-21.40764997502084,1
MAA,2008,6,8.619811152411255e-10,-0.08824339259273539,8249000.0,19,4.099523809523809,22.11047617594401,0.7697048057836943,0.07743653795053551,7.561098176144804,-20.87178775357778,1
MAA,2008,7,1.3266405003911154e-09,0.13879523133939942,8648900.0,18,4.007727272727273,24.32136362249201,0.7697048057836943,0.07743653795053551,7.561098176144804,-20.44061602983596,1
MAA,2008,8,9.735633685729658e-10,-0.1271977287323397,8370200.0,16,3.8857142857142852,20.695714133126394,0.7697048057836943,0.07743653795053551,7.561098176144804,-20.75005819968269,1
MAA,2008,9,1.264513757933991e-09,-0.020336457187043244,9151400.0,16,3.6861904761904762,30.238571348644438,0.7697048057836943,0.07743653795053551,7.561098176144804,-20.48857816974012,1
MAA,2008,10,2.8853114918180024e-09,-0.2726091361893219,13087500.0,17,3.814090909090909,61.1773912181025,0.7697048057836943,0.07743653795053551,7.561098176144804,-19.663632973380313,1
MAA,2008,11,2.9897265206515685e-09,0.05079304616313274,12418500.0,14,3.526666666666667,62.639473362972865,0.7697048057836943,0.07743653795053551,7.561098176144804,-19.62808391839199,1
MAA,2008,12,3.1551530220549863e-09,0.0035118917031662367,15351200.0,9,2.4163636363636365,52.405000166459516,0.7697048057836943,0.07743653795053551,7.561098176144804,-19.574228840685656,1
MAA,2009,1,2.2075416115018597e-09,-0.18869107312002376,13485300.0,9,2.5175,44.68300018310547,0.7718844025596604,0.033752611273417,7.5942936695176115,-19.931386333570625,1
MAA,2009,2,2.0054848209714413e-09,-0.12491529153856629,15947200.0,8,2.87,45.57052592227333,0.7718844025596604,0.033752611273417,7.5942936695176115,-20.027379999447437,1
MAA,2009,3,1.8269386452151852e-09,0.19264849810607187,22817200.0,9,2.819545454545455,44.7954548922452,0.7718844025596604,0.033752611273417,7.5942936695176115,-20.120624142372137,1
MAA,2009,4,1.4390343956220853e-09,0.22164940583788906,22087700.0,9,2.927142857142857,38.063809349423366,0.7718844025596604,0.033752611273417,7.5942936695176115,-20.359293506879247,1
MAA,2009,5,1.2634172370505823e-09,-0.018923490780113128,17611400.0,14,3.293,31.97799997329712,0.7718844025596604,0.033752611273417,7.5942936695176115,-20.48944569417362,1
MAA,2009,6,8.809959734169407e-10,0.011572726558307878,10947600.0,16,3.7218181818181817,29.140454725785688,0.7718844025596604,0.033752611273417,7.5942936695176115,-20.849968060471667,1
MAA,2009,7,1.445098602088486e-09,0.09894795980246274,9035600.0,15,3.5622727272727275,26.16272735595703,0.7718844025596604,0.033752611273417,7.5942936695176115,-20.355088280970598,1
MAA,2009,8,8.561748831632187e-10,0.10360322974714764,9375300.0,17,3.587142857142857,25.33714285350981,0.7718844025596604,0.033752611273417,7.5942936695176115,-20.878546457893005,1
MAA,2009,9,1.5803104333555094e-09,0.03083512351922213,6532500.0,18,3.401904761904762,24.926666713896253,0.7718844025596604,0.033752611273417,7.5942936695176115,-20.265644532399293,1
MAA,2009,10,1.0825306952649986e-09,-0.014850113776532448,8335400.0,19,3.3876190476190478,24.252272865988992,0.7718844025596604,0.033752611273417,7.5942936695176115,-20.643964300550923,1
MAA,2009,11,8.318318427404192e-10,0.06138755491413006,9735500.0,17,3.4026315789473687,23.783499908447265,0.7718844025596604,0.033752611273417,7.5942936695176115,-20.907390807625582,1
MAA,2009,12,7.556336829343358e-10,0.03805681454032306,8121800.0,17,3.5900000000000003,21.239545475352894,0.7718844025596604,0.033752611273417,7.5942936695176115,-21.003464403562703,1
MAA,2010,1,5.103601013800454e-10,-0.015776255333834643,7176100.0,16,3.7331578947368427,20.643157758210833,0.7515551127548659,0.09523833491206557,7.68526566655607,-21.395904558230843,1
MAA,2010,2,7.876268849913104e-10,0.10699363995757905,6812000.0,15,3.691052631578947,22.540000012046413,0.7515551127548659,0.09523833491206557,7.68526566655607,-20.961996634409317,1
MAA,2010,3,5.42950128383901e-10,-0.0028884172060165136,7531600.0,17,3.7273913043478264,17.767391287762187,0.7515551127548659,0.09523833491206557,7.68526566655607,-21.334003644809453,1
MAA,2010,4,6.051062460897531e-10,0.07975958234622982,9801400.0,15,3.8468181818181817,17.42428566160656,0.7515551127548659,0.09523833491206557,7.68526566655607,-21.225617059944437,1
MAA,2010,5,8.384038383794145e-10,-0.01158066954828263,10009700.0,19,3.4200000000000004,31.929500007629393,0.7515551127548659,0.09523833491206557,7.68526566655607,-20.89952122415253,1
MAA,2010,6,5.077916213621514e-10,-0.057843332638699896,9522400.0,22,3.2040909090909087,29.91636371612549,0.7515551127548659,0.09523833491206557,7.68526566655607,-21.4009499466717,1
MAA,2010,7,5.375547591322605e-10,0.11000594978622202,9733900.0,16,3.0114285714285716,25.565237862723215,0.7515551127548659,0.09523833491206557,7.68526566655607,-21.343990483660516,1
MAA,2010,8,5.940300990630995e-10,-0.00017678543369803457,7657000.0,14,2.6986363636363637,24.745908997275613,0.7515551127548659,0.09523833491206557,7.68526566655607,-21.244091126026277,1
MAA,2010,9,7.943377405662233e-10,0.032051400166722255,6266400.0,13,2.6476190476190475,22.51761899675642,0.7515551127548659,0.09523833491206557,7.68526566655607,-20.95351237917144,1
MAA,2010,10,5.181720894647404e-10,0.05782936357761792,5834800.0,13,2.54,20.3733332497733,0.7515551127548659,0.09523833491206557,7.68526566655607,-21.380713709797693,1
MAA,2010,11,7.501327577455485e-10,0.005573075622158141,4668500.0,15,2.763,20.095714387439546,0.7515551127548659,0.09523833491206557,7.68526566655607,-21.010770914735275,1
MAA,2010,12,5.687672976133393e-10,0.03454458673196781,4772500.0,16,3.290909090909091,17.569545529105447,0.7515551127548659,0.09523833491206557,7.68526566655607,-21.287549732739773,1
MAA,2011,1,4.5201476688855245e-10,0.014300993055671452,5865700.0,16,3.3939999999999997,17.31549987792969,0.7046004928732551,0.1628732454431152,7.836159544851985,-21.517306266522557,1
MAA,2011,2,4.444897650195269e-10,0.019136624581371553,5089200.0,16,3.5763157894736843,17.4299999036287,0.7046004928732551,0.1628732454431152,7.836159544851985,-21.534094087067523,1
MAA,2011,3,5.943044582025353e-10,-0.011850603907654689,7005400.0,16,3.4143478260869564,20.72347815140434,0.7046004928732551,0.1628732454431152,7.836159544851985,-21.243629371981285,1
MAA,2011,4,5.599421601998922e-10,0.05170455692024434,3967600.0,17,3.4549999999999996,16.244000005722047,0.7046004928732551,0.1628732454431152,7.836159544851985,-21.303187622890988,1
MAA,2011,5,4.440507920115821e-10,0.025430864440893153,5160800.0,16,3.168571428571429,16.911428587777273,0.7046004928732551,0.1628732454431152,7.836159544851985,-21.535082163616615,1
MAA,2011,6,5.600034868683204e-10,-0.01575580835640944,6763400.0,16,3.002272727272727,19.15318202972412,0.7046004928732551,0.1628732454431152,7.836159544851985,-21.303078105668167,1
MAA,2011,7,5.677884538043462e-10,0.05859361397619223,4916500.0,13,3.003,19.22749991416931,0.7046004928732551,0.1628732454431152,7.836159544851985,-21.289272207065885,1
MAA,2011,8,8.797535074828923e-10,0.009748587873475323,10063800.0,15,2.3030434782608693,35.02913035517154,0.7046004928732551,0.1628732454431152,7.836159544851985,-20.851379352826143,1
MAA,2011,9,6.274476811800941e-10,-0.15752509898669254,9685700.0,15,1.975238095238095,36.52999977838425,0.7046004928732551,0.1628732454431152,7.836159544851985,-21.18936082500406,1
MAA,2011,10,8.152139482247619e-10,0.04729148177738196,10672000.0,14,2.152,32.82904770260765,0.7046004928732551,0.1628732454431152,7.836159544851985,-20.927570523979018,1
MAA,2011,11,5.945114804634885e-10,-0.08140883533551835,9348300.0,17,2.0134999999999996,31.941904703776043,0.7046004928732551,0.1628732454431152,7.836159544851985,-21.243281088859714,1
MAA,2011,12,6.773792024784352e-10,0.0912404455935627,6951000.0,19,1.9780952380952381,25.047619047619047,0.7046004928732551,0.1628732454431152,7.836159544851985,-21.112789877996654,1
MAA,2012,1,5.024388455423248e-10,0.03301101583608945,7225600.0,21,1.9665,20.227999877929687,0.6547439030950888,0.08717754976549807,7.919744478903343,-21.411547183814697,1
MAA,2012,2,3.2652351435854384e-10,-0.02424764258372636,9333900.0,25,1.9675,18.420499992370605,0.6547439030950888,0.08717754976549807,7.919744478903343,-21.842519150330475,1
MAA,2012,3,3.8090095846436125e-10,0.07471386196930196,7466100.0,28,2.1727272727272724,16.16727287119085,0.6547439030950888,0.08717754976549807,7.919744478903343,-21.688481726132213,1
MAA,2012,4,4.954098693168425e-10,0.025757496304025462,5366000.0,28,2.052857142857143,17.822999906539916,0.6547439030950888,0.08717754976549807,7.919744478903343,-21.42563567715642,1
MAA,2012,5,5.018850308210664e-10,-0.009988587529492055,6552000.0,24,1.8031818181818182,21.001818136735395,0.6547439030950888,0.08717754976549807,7.919744478903343,-21.412650044735216,1
MAA,2012,6,5.453825290125742e-10,0.012615152996791057,10113100.0,28,1.6223809523809525,21.130952290126256,0.6547439030950888,0.08717754976549807,7.919744478903343,-21.329533679377086,1
MAA,2012,7,4.639251617009661e-10,0.024386868933269135,4279900.0,29,1.5266666666666668,17.565238180614653,0.6547439030950888,0.08717754976549807,7.919744478903343,-21.491297866148408,1
MAA,2012,8,3.0257469726207753e-10,-0.017766770062608517,5242300.0,35,1.6782608695652175,15.689565119536027,0.6547439030950888,0.08717754976549807,7.919744478903343,-21.918692935842834,1
MAA,2012,9,5.252518134041131e-10,-0.039557068273648244,3898200.0,37,1.7231578947368422,15.284736834074321,0.6547439030950888,0.08717754976549807,7.919744478903343,-21.367143323750355,1
MAA,2012,10,4.5216911101603274e-10,0.0011325286793177902,5708700.0,40,1.7461904761904763,16.276190576099214,0.6547439030950888,0.08717754976549807,7.919744478903343,-21.516964866653016,1
MAA,2012,11,5.181217161304242e-10,-0.03693153257632209,4652800.0,41,1.654,16.70190484183175,0.6547439030950888,0.08717754976549807,7.919744478903343,-21.38081092804619,1
MAA,2012,12,3.364615812144273e-10,0.038994309082914125,4484700.0,45,1.719,17.306999826431273,0.6547439030950888,0.08717754976549807,7.919744478903343,-21.81253714508718,1
MAA,2013,1,3.366694020023281e-10,0.02034694693282768,3888800.0,47,1.9147619047619049,13.505238124302455,0.544194506662964,1.4870068642432681,8.830824403770366,-21.811919670034968,1
MAA,2013,2,2.869192077212305e-10,0.06226055651597995,5907300.0,47,1.9842105263157896,14.07263163516396,0.544194506662964,1.4870068642432681,8.830824403770366,-21.971820445997036,1
MAA,2013,3,2.4547948623074424e-10,-0.0054727348795821085,7475500.0,46,1.9575,13.031500005722046,0.544194506662964,1.4870068642432681,8.830824403770366,-22.127807731326804,1
MAA,2013,4,2.766470956790713e-10,0.005117025851063994,6900800.0,44,1.7590909090909093,13.967272715135055,0.544194506662964,1.4870068642432681,8.830824403770366,-22.00827844481748,1
MAA,2013,5,4.356951528736901e-10,-0.011056444088351713,6750100.0,41,1.9281818181818182,13.493636304681951,0.544194506662964,1.4870068642432681,8.830824403770366,-21.55407830778397,1
MAA,2013,6,3.4316422406382457e-10,-0.00294480542305553,16072500.0,44,2.3,17.271499919891358,0.544194506662964,1.4870068642432681,8.830824403770366,-21.792811995986614,1
MAA,2013,7,3.184668595330912e-10,0.0069734253016580094,8345700.0,51,2.5822727272727275,13.97454565221613,0.544194506662964,1.4870068642432681,8.830824403770366,-21.867502698031526,1
MAA,2013,8,4.692784433111792e-10,-0.08719147723317822,7657400.0,56,2.7372727272727273,14.209999908100475,0.544194506662964,1.4870068642432681,8.830824403770366,-21.47982482789043,1
MAA,2013,9,4.29942327334984e-10,0.013623854629058796,8385800.0,58,2.8095,14.692000102996825,0.544194506662964,1.4870068642432681,8.830824403770366,-21.567370038712944,1
MAA,2013,10,2.557127615504938e-10,0.0742119105012522,28601900.0,57,2.6159090909090907,15.407826050468113,0.544194506662964,1.4870068642432681,8.830824403770366,-22.086966326583887,1
MAA,2013,11,2.546207431375465e-10,-0.0927693772652256,10939900.0,54,2.718421052631579,12.923999977111816,0.544194506662964,1.4870068642432681,8.830824403770366,-22.09124595968511,1
MAA,2013,12,2.4815534792836794e-10,0.008299675815250929,10322900.0,54,2.901904761904762,14.192380905151367,0.544194506662964,1.4870068642432681,8.830824403770366,-22.11696616293503,1
MAA,2014,1,2.3064037504821644e-10,0.07519174681795726,9759100.0,57,2.858095238095238,14.240952400934129,0.5523774752496988,-0.0015926804225419033,8.829230453684069,-22.19016143648016,1
MAA,2014,2,1.6360305625171617e-10,0.048034671889185754,12554000.0,56,2.709473684210526,15.470000116448654,0.5523774752496988,-0.0015926804225419033,8.829230453684069,-22.533578010689183,1
MAA,2014,3,2.9549978000117833e-10,0.009314481878722303,8411753.0,46,2.723333333333333,14.836666742960611,0.5523774752496988,-0.0015926804225419033,8.829230453684069,-21.942353023579532,1
MAA,2014,4,1.5066592215762564e-10,0.031269009214472065,9286321.0,46,2.705238095238095,14.198095321655273,0.5523774752496988,-0.0015926804225419033,8.829230453684069,-22.615956166208324,1
MAA,2014,5,2.0327778880397707e-10,0.038765393781127644,9904139.0,46,2.559047619047619,12.475238028026762,0.5523774752496988,-0.0015926804225419033,8.829230453684069,-22.31644765456348,1
MAA,2014,6,1.5963830657196109e-10,0.0096754555859635,9812910.0,45,2.5985714285714288,11.541428565979004,0.5523774752496988,-0.0015926804225419033,8.829230453684069,-22.558110443597055,1
MAA,2014,7,1.661065401407044e-10,-0.033206232812475145,10015180.0,49,2.5422727272727275,12.296363613822244,0.5523774752496988,-0.0015926804225419033,8.829230453684069,-22.518391725366193,1
MAA,2014,8,1.9920803618130903e-10,0.03432302717068203,7098607.0,53,2.42,13.497142927987236,0.5523774752496988,-0.0015926804225419033,8.829230453684069,-22.33667142931613,1
MAA,2014,9,3.094077115381525e-10,-0.09222953062961503,9389647.0,55,2.5342857142857143,13.466666630336217,0.5523774752496988,-0.0015926804225419033,8.829230453684069,-21.89636125393033,1
MAA,2014,10,2.1645638264280607e-10,0.08811151938206097,11198429.0,59,2.304090909090909,18.01608711740245,0.5523774752496988,-0.0015926804225419033,8.829230453684069,-22.253632054636064,1
MAA,2014,11,2.7504936333870086e-10,0.042455032509467916,7491558.0,54,2.3255555555555554,13.41315786462081,0.5523774752496988,-0.0015926804225419033,8.829230453684069,-22.0140705313209,1
MAA,2014,12,3.1400587596836567e-10,0.01384592678054175,7364595.0,58,2.2072727272727275,16.3118182962591,0.5523774752496988,-0.0015926804225419033,8.829230453684069,-21.881609416920337,1
MAA,2015,1,2.4789482611689054e-10,0.0723698506647783,10040796.0,58,1.8815000000000002,19.119499969482423,0.537649787573522,0.0024524859215917516,8.831679937170016,-22.11801654795276,1
MAA,2015,2,2.1992631860009773e-10,-0.08635937387020376,11987431.0,57,1.9752631578947368,15.904210492184287,0.537649787573522,0.0024524859215917516,8.831679937170016,-22.237728541126994,1
MAA,2015,3,2.6625886527974124e-10,0.06623443452526279,12023693.0,55,2.0427272727272725,14.812727277929133,0.537649787573522,0.0024524859215917516,8.831679937170016,-22.04655210263392,1
MAA,2015,4,3.090066169558427e-10,-0.02448360368246305,7800596.0,52,1.935,13.494761875697545,0.537649787573522,0.0024524859215917516,8.831679937170016,-21.897658425163502,1
MAA,2015,5,3.193110286705783e-10,0.023856565416815023,8962159.0,56,2.1975000000000002,13.3385000705719,0.537649787573522,0.0024524859215917516,8.831679937170016,-21.86485547665217,1
MAA,2015,6,2.7134302843010955e-10,-0.04686428820831623,10079188.0,54,2.3636363636363638,14.33954551003196,0.537649787573522,0.0024524859215917516,8.831679937170016,-22.027637307917566,1
MAA,2015,7,1.5839186384158677e-10,0.11463367355261633,11639784.0,60,2.3245454545454547,14.35272723978216,0.537649787573522,0.0024524859215917516,8.831679937170016,-22.565949002503878,1
MAA,2015,8,2.1934928901819714e-10,-0.02178222309635558,14874730.0,60,2.1671428571428573,19.42809536343529,0.537649787573522,0.0024524859215917516,8.831679937170016,-22.24035572963365,1
MAA,2015,9,2.6829616333923787e-10,0.0417349652636303,13688308.0,61,2.172857142857143,24.3771428607759,0.537649787573522,0.0024524859215917516,8.831679937170016,-22.03892965849024,1
MAA,2015,10,2.316011601165267e-10,0.050230527402399305,10980381.0,61,2.07,16.789545449343596,0.537649787573522,0.0024524859215917516,8.831679937170016,-22.18600436110354,1
MAA,2015,11,3.072725341755303e-10,0.039555487860276184,7503067.0,65,2.263157894736842,16.209999990463256,0.537649787573522,0.0024524859215917516,8.831679937170016,-21.90328602867288,1
MAA,2015,12,2.769570451407007e-10,0.025407164947129246,8905510.0,62,2.2427272727272727,18.02545473792336,0.537649787573522,0.0024524859215917516,8.831679937170016,-22.00715869346029,1
MAA,2016,1,1.6080517797081777e-10,0.04263375008655945,12706182.0,60,2.0852631578947367,23.717894805105107,0.4267586574887257,0.694635240233296,9.359147457341644,-22.550827558391077,1
MAA,2016,2,1.8517396323948723e-10,-0.04135715633873849,19147973.0,61,1.7795,22.516999816894533,0.4267586574887257,0.694635240233296,9.359147457341644,-22.409725390859574,1
MAA,2016,3,1.8817426756679162e-10,0.13642321765816945,11491261.0,58,1.8890909090909092,15.849090966311367,0.4267586574887257,0.694635240233296,9.359147457341644,-22.3936526273137,1
MAA,2016,4,2.2296165703359128e-10,-0.05585851466542857,8995928.0,58,1.805238095238095,14.300476255871,0.4267586574887257,0.694635240233296,9.359147457341644,-22.224021300805475,1
MAA,2016,5,2.550058429721788e-10,0.07606214782185505,9536715.0,58,1.8061904761904761,14.852857044764928,0.4267586574887257,0.694635240233296,9.359147457341644,-22.089734657416248,1
MAA,2016,6,1.2633874603268055e-10,0.03310894880512194,13924772.0,58,1.6440909090909093,17.774545496160332,0.4267586574887257,0.694635240233296,9.359147457341644,-22.792054355846172,1
MAA,2016,7,1.4173097545722045e-10,0.003992294491767412,10720783.0,60,1.504,13.158500051498413,0.4267586574887257,0.694635240233296,9.359147457341644,-22.67709039426992,1
MAA,2016,8,1.2161108121317655e-10,-0.1134707160893097,20765049.0,58,1.556521739130435,12.399565240611201,0.4267586574887257,0.694635240233296,9.359147457341644,-22.83019302215059,1
MAA,2016,9,1.6006822041929245e-10,5.701766943033704e-07,14929662.0,59,1.6304761904761906,14.219523793175107,0.4267586574887257,0.694635240233296,9.359147457341644,-22.55542101394725,1
MAA,2016,10,1.9938470840426678e-10,-0.0038930906317777847,15696655.0,65,1.7645,14.58523804800851,0.4267586574887257,0.694635240233296,9.359147457341644,-22.335784949384283,1
MAA,2016,11,1.6613463624938998e-10,-0.01207494636198203,21041886.0,63,2.1420000000000003,15.236190387180873,0.4267586574887257,0.694635240233296,9.359147457341644,-22.518222594561532,1
MAA,2016,12,9.092722701697341e-11,0.06864427372101467,52766606.0,63,2.491904761904762,12.472380956013998,0.4267586574887257,0.694635240233296,9.359147457341644,-23.120961632454993,1
MAA,2017,1,1.0397216286400904e-10,-0.021449698294439212,15218668.0,69,2.4325,11.608500003814697,0.42704939009751114,-0.00970072707195857,9.349399371692858,-22.986897917384926,1
MAA,2017,2,9.536263497193195e-11,0.08193779186077887,13632809.0,67,2.4189473684210525,11.530526361967388,0.42704939009751114,-0.00970072707195857,9.349399371692858,-23.073334281156725,1
MAA,2017,3,7.298202768421373e-11,-0.009639031383872898,18768147.0,65,2.4817391304347827,11.897826111834982,0.42704939009751114,-0.00970072707195857,9.349399371692858,-23.340807901198055,1
MAA,2017,4,7.346278948799333e-11,-0.016616739049218676,14153583.0,71,2.2973684210526315,13.136315847698011,0.42704939009751114,-0.00970072707195857,9.349399371692858,-23.33424210337487,1
MAA,2017,5,8.983442824504494e-11,0.027515865930963335,11303193.0,68,2.3036363636363637,10.862272782759232,0.42704939009751114,-0.00970072707195857,9.349399371692858,-23.133052826065352,1
MAA,2017,6,8.08138038435211e-11,0.03374668305871231,16864618.0,69,2.186818181818182,10.513636328957297,0.42704939009751114,-0.00970072707195857,9.349399371692858,-23.23887332534539,1
MAA,2017,7,1.0961268659312669e-10,-0.008993559187423061,14570972.0,66,2.318,10.264499998092651,0.42704939009751114,-0.00970072707195857,9.349399371692858,-22.93406799452664,1
MAA,2017,8,1.1253705463780027e-10,0.02830207157254927,10657803.0,64,2.2091304347826086,11.97565215566884,0.42704939009751114,-0.00970072707195857,9.349399371692858,-22.90773857395774,1
MAA,2017,9,9.042674979136586e-11,0.003945558124624604,12398469.0,67,2.202,10.437999963760376,0.42704939009751114,-0.00970072707195857,9.349399371692858,-23.126480987529852,1
MAA,2017,10,7.69513836180901e-11,-0.0347173038992854,15523539.0,64,2.3600000000000003,10.125454512509434,0.42704939009751114,-0.00970072707195857,9.349399371692858,-23.2878472750634,1
MAA,2017,11,1.1324584226776767e-10,0.0008781830899098342,13035359.0,68,2.3533333333333335,10.540476163228353,0.42704939009751114,-0.00970072707195857,9.349399371692858,-22.901460065106733,1
MAA,2017,12,1.1148083906380243e-10,-0.01835127793080049,12187659.0,69,2.4025,10.264500045776368,0.42704939009751114,-0.00970072707195857,9.349399371692858,-22.91716838675717,1
MAA,2018,1,1.423307208459613e-10,-0.04210826195911466,15673015.0,74,2.583809523809524,11.062381017775763,0.4364423861605942,-0.014630976775941384,9.334660306588757,-22.6728677462487,1
MAA,2018,2,1.748474570170812e-10,-0.10013696844311926,18190394.0,72,2.8589473684210525,22.464736637316253,0.4364423861605942,-0.014630976775941384,9.334660306588757,-22.467107196322,1
MAA,2018,3,1.2761110749910642e-10,0.0631553233518456,17873229.0,71,2.8423809523809522,19.023809750874836,0.4364423861605942,-0.014630976775941384,9.334660306588757,-22.782033699440397,1
MAA,2018,4,1.1855450731273123e-10,0.012633579730831235,13416428.0,70,2.869047619047619,18.26761904216948,0.4364423861605942,-0.014630976775941384,9.334660306588757,-22.855648283787875,1
MAA,2018,5,1.706669978406891e-10,0.022961612612334426,13341067.0,68,2.977727272727273,14.124545487490566,0.4364423861605942,-0.014630976775941384,9.334660306588757,-22.491306839086246,1
MAA,2018,6,8.379790075967968e-11,0.07599491822872673,16965807.0,70,2.9123809523809525,13.678095318022228,0.4364423861605942,-0.014630976775941384,9.334660306588757,-23.202613159354765,1
MAA,2018,7,1.318218859277923e-10,0.010356838667557211,10287533.0,68,2.889047619047619,13.147619065784273,0.4364423861605942,-0.014630976775941384,9.334660306588757,-22.74956945356523,1
MAA,2018,8,1.5894704870482249e-10,0.027583042349854425,9476694.0,68,2.889130434782609,12.546956518422002,0.4364423861605942,-0.014630976775941384,9.334660306588757,-22.562449996187823,1
MAA,2018,9,1.2132459670488792e-10,-0.032639056617665085,11790065.0,67,3.004210526315789,12.910526325828151,0.4364423861605942,-0.014630976775941384,9.334660306588757,-22.83255154473191,1
MAA,2018,10,1.847645868551963e-10,-0.015144403046448485,14331480.0,67,3.152272727272727,19.352173639380414,0.4364423861605942,-0.014630976775941384,9.334660306588757,-22.411938604655706,1
MAA,2018,11,1.422441491281712e-10,0.0598694755974738,12430865.0,68,3.117,19.389047622680664,0.4364423861605942,-0.014630976775941384,9.334660306588757,-22.673476174677173,1
MAA,2018,12,2.515397404773745e-10,-0.07589874448324874,13511206.0,60,2.8326315789473684,24.953157726087067,0.4364423861605942,-0.014630976775941384,9.334660306588757,-22.103420125045087,1
MAA,2019,1,1.5656764973282747e-10,0.06883243605557632,13595581.0,56,2.713809523809524,19.57238079252697,0.4387054837517641,-0.008242035058784736,9.326384118167415,-22.577532932685227,1
MAA,2019,2,9.539629337550269e-11,0.022708669615388644,11482630.0,58,2.6763157894736844,15.234736844112998,0.4387054837517641,-0.008242035058784736,9.326384118167415,-23.072981391735386,1
MAA,2019,3,1.0848421194684921e-10,0.05551274255446126,10579136.0,62,2.570952380952381,14.485238075256348,0.4387054837517641,-0.008242035058784736,9.326384118167415,-22.94441646554654,1
MAA,2019,4,2.050875170944916e-10,0.009452784130324021,8459277.0,62,2.532380952380952,12.949047588166737,0.4387054837517641,-0.008242035058784736,9.326384118167415,-22.307584315235363,1
MAA,2019,5,1.3517395519133233e-10,0.04359520649777715,10416703.0,63,2.395,16.721818056973543,0.4387054837517641,-0.008242035058784736,9.326384118167415,-22.724458609994347,1
MAA,2019,6,1.4690987365970876e-10,0.031353385754026686,10210752.0,66,2.074,15.835999870300293,0.4387054837517641,-0.008242035058784736,9.326384118167415,-22.641201821530867,1
MAA,2019,7,9.914448553403396e-11,0.00863770367474781,11381071.0,64,2.059090909090909,13.30590907010165,0.4387054837517641,-0.008242035058784736,9.326384118167415,-23.034442879917073,1
MAA,2019,8,1.4360953305696309e-10,0.07501337495969884,12639612.0,65,1.6263636363636365,18.979090907356955,0.4387054837517641,-0.008242035058784736,9.326384118167415,-22.66392307532734,1
MAA,2019,9,6.651788146310286e-11,0.02628598844356067,10085850.0,67,1.6995,15.558999872207641,0.4387054837517641,-0.008242035058784736,9.326384118167415,-23.433550310230302,1
MAA,2019,10,8.175531143584626e-11,0.07685862106767138,10665545.0,68,1.7068181818181818,15.466521760691768,0.4387054837517641,-0.008242035058784736,9.326384118167415,-23.227290336569446,1
MAA,2019,11,1.0297951654950736e-10,-0.020719999770101638,12509799.0,71,1.8121052631578947,12.523499965667725,0.4387054837517641,-0.008242035058784736,9.326384118167415,-22.99649101592725,1
MAA,2019,12,8.831110259467611e-11,-0.031226700807923224,12504808.0,71,1.8628571428571428,13.756666637602306,0.4387054837517641,-0.008242035058784736,9.326384118167415,-23.150155279023842,1
MAA,2020,1,1.1284419370075626e-10,0.04846996336925691,10973735.0,76,1.7576190476190479,13.94095243726458,0.45476382721213826,-0.003175206692519139,9.323203859809905,-22.905013065466246,1
MAA,2020,2,1.2204259998851217e-10,-0.05794039687805774,12611800.0,75,1.5042105263157897,19.628947358382376,0.45476382721213826,-0.003175206692519139,9.323203859809905,-22.826650951910814,1
MAA,2020,3,4.226725459299494e-10,-0.20292499601494363,27290664.0,74,0.87,57.7368184002963,0.45476382721213826,-0.003175206692519139,9.323203859809905,-21.584423359767328,1
MAA,2020,4,3.4631029273790343e-10,0.09581310751103578,18490451.0,72,0.6576190476190477,41.45380964733305,0.45476382721213826,-0.003175206692519139,9.323203859809905,-21.783685942934998,1
MAA,2020,5,2.0671408462051577e-10,0.039673045865821654,17015424.0,30,0.674,30.89700002670288,0.45476382721213826,-0.003175206692519139,9.323203859809905,-22.299684511163072,1
MAA,2020,6,2.17522353497465e-10,-0.014526337023986202,18255838.0,37,0.7286363636363636,31.11954550309615,0.45476382721213826,-0.003175206692519139,9.323203859809905,-22.248719495979778,1
MAA,2020,7,1.9607183640684455e-10,0.04861833527662984,12363339.0,58,0.6236363636363637,26.840454621748492,0.45476382721213826,-0.003175206692519139,9.323203859809905,-22.35254001156743,1
MAA,2020,8,1.7267905817854945e-10,-0.017368076814834987,9020759.0,72,0.65,22.88952382405599,0.45476382721213826,-0.003175206692519139,9.323203859809905,-22.479586399399363,1
MAA,2020,9,1.9244324584199887e-10,-0.009987831752614196,12557724.0,78,0.6795238095238095,27.647619065784273,0.45476382721213826,-0.003175206692519139,9.323203859809905,-22.371219832465485,1
MAA,2020,10,1.9617770969117473e-10,0.014059741231065459,11553071.0,83,0.7871428571428571,29.438636086203836,0.45476382721213826,-0.003175206692519139,9.323203859809905,-22.35200018538813,1
MAA,2020,11,2.0399848050370362e-10,0.08171292692175958,13602507.0,85,0.8700000000000001,24.995500087738037,0.45476382721213826,-0.003175206692519139,9.323203859809905,-22.31290857062333,1
MAA,2020,12,1.7881535195955722e-10,0.004199515517542274,13923742.0,90,0.9336363636363636,22.374090974981133,0.45476382721213826,-0.003175206692519139,9.323203859809905,-22.444667395803638,1
MAA,2021,1,1.2434669252757602e-10,0.05615805662892659,13395655.0,86,1.0810526315789473,24.90999984741211,0.4520166356200547,0.00807438030777008,9.3312458167246,-22.807947544122328,1
MAA,2021,2,8.717287087101582e-11,0.014913800835070212,12588303.0,83,1.2578947368421052,23.140526219418174,0.4520166356200547,0.00807438030777008,9.3312458167246,-23.16312794728407,1
MAA,2021,3,1.0560658119306047e-10,0.0714753972777753,16965583.0,84,1.6108695652173912,21.843043534652047,0.4520166356200547,0.00807438030777008,9.3312458167246,-22.971300424694334,1
MAA,2021,4,8.430963666762867e-11,0.0974157770021955,11480233.0,82,1.635,17.416190556117467,0.4520166356200547,0.00807438030777008,9.3312458167246,-23.196524943484583,1
MAA,2021,5,1.0607623831633368e-10,0.021419240138134343,13238343.0,83,1.621,19.7604998588562,0.4520166356200547,0.00807438030777008,9.3312458167246,-22.96686305093862,1
MAA,2021,6,7.24222120819052e-11,0.048039086078325965,13832780.0,83,1.5190909090909093,16.956818147139117,0.4520166356200547,0.00807438030777008,9.3312458167246,-23.34850806687797,1
MAA,2021,7,1.1067576499467578e-10,0.15297990080026813,11106813.0,81,1.3185714285714287,17.60333351861863,0.4520166356200547,0.00807438030777008,9.3312458167246,-22.924416225252227,1
MAA,2021,8,9.079887353398674e-11,-0.003782355036833218,11788174.0,80,1.2831818181818182,17.47772723978216,0.4520166356200547,0.00807438030777008,9.3312458167246,-23.122374236411616,1
MAA,2021,9,1.0956897977596083e-10,-0.02383118359662917,10879987.0,75,1.3747619047619049,19.8247617994036,0.4520166356200547,0.00807438030777008,9.3312458167246,-22.934466812716767,1
MAA,2021,10,1.0930925287641712e-10,0.09913293463322881,8138711.0,76,1.5825,17.869047573634557,0.4520166356200547,0.00807438030777008,9.3312458167246,-22.936840068552236,1
MAA,2021,11,9.760877380652721e-11,0.009991314471725188,11740005.0,80,1.5595,18.500476246788388,0.4520166356200547,0.00807438030777008,9.3312458167246,-23.050053730991184,1
MAA,2021,12,8.71718414593991e-11,0.11243618245502174,13824531.0,83,1.4649999999999999,21.354545506564055,0.4520166356200547,0.00807438030777008,9.3312458167246,-23.163139756206785,1
MAA,2022,1,1.0306480813410451e-10,-0.09472351067164964,13561718.0,84,1.764,23.18100004196167,0.44752888157054893,-0.003900424468121111,9.327337765763465,-22.99566312038002,1
MAA,2022,2,1.0695857922637409e-10,-0.01001540577357185,10957234.0,83,1.9342105263157894,25.74842111687911,0.44752888157054893,-0.003900424468121111,9.327337765763465,-22.95857946644696,1
MAA,2022,3,8.129596690656686e-11,0.023653597231646284,16772820.0,81,2.1278260869565218,26.968695682028066,0.44752888157054893,-0.003900424468121111,9.327337765763465,-23.23292470815058,1
MAA,2022,4,9.053700770350874e-11,-0.0560141139403445,14507041.0,79,2.7475,24.37350015640259,0.44752888157054893,-0.003900424468121111,9.327337765763465,-23.12526242390902,1
MAA,2022,5,1.0429656539243258e-10,-0.07972221103401778,15572349.0,77,2.8980952380952383,29.445714587257022,0.44752888157054893,-0.003900424468121111,9.327337765763465,-22.98378268454617,1
MAA,2022,6,1.294860967222747e-10,-0.034971495799298924,14192947.0,69,3.1433333333333335,28.100000018165225,0.44752888157054893,-0.003900424468121111,9.327337765763465,-22.767447601770538,1
MAA,2022,7,9.347173208665665e-11,0.07136176980314612,11284458.0,67,2.896,24.86850004196167,0.44752888157054893,-0.003900424468121111,9.327337765763465,-23.093362055969017,1
MAA,2022,8,1.331934690644409e-10,-0.10800725939077072,12172106.0,55,2.8978260869565218,22.169565366662066,0.44752888157054893,-0.003900424468121111,9.327337765763465,-22.73921839007206,1
MAA,2022,9,1.240786344285578e-10,-0.06398443271025134,14873255.0,49,3.5190476190476194,27.406190418061755,0.44752888157054893,-0.003900424468121111,9.327337765763465,-22.81010560269338,1
MAA,2022,10,1.3628090962631556e-10,0.024007574864155945,19522291.0,46,3.9835000000000003,30.005714416503906,0.44752888157054893,-0.003900424468121111,9.327337765763465,-22.71630284847127,1
MAA,2022,11,1.5620316723672608e-10,0.04718920897772705,11977230.0,38,3.8909999999999996,23.436190650576638,0.44752888157054893,-0.003900424468121111,9.327337765763465,-22.57986360192491,1
MAA,2022,12,1.4584729801940144e-10,-0.04785131628471617,12679498.0,33,3.616190476190476,21.784285681588308,0.44752888157054893,-0.003900424468121111,9.327337765763465,-22.648460945536154,1
MAA,2023,1,1.6746823600266679e-10,0.07123862031310324,14242197.0,31,3.5315,20.202999973297118,0.45151113635479045,0.021647044590129116,9.348753840351423,-22.510227418451546,1
MAA,2023,2,8.506955202918943e-11,-0.039705510303377434,15182953.0,35,3.7468421052631578,20.06210537960655,0.45151113635479045,0.021647044590129116,9.348753840351423,-23.18755193486282,1
MAA,2023,3,1.3138619201055275e-10,-0.05659131570743947,18775958.0,42,3.6630434782608696,21.644347895746645,0.45151113635479045,0.021647044590129116,9.348753840351423,-22.752880099033252,1
MAA,2023,4,8.069175611581232e-11,0.027943714749562698,13075114.0,44,3.46,17.8178946344476,0.45151113635479045,0.021647044590129116,9.348753840351423,-23.240384700569525,1
MAA,2023,5,9.58834083360815e-11,-0.043824508284285635,12673042.0,45,3.5736363636363637,17.64409099925648,0.45151113635479045,0.021647044590129116,9.348753840351423,-23.06788815905841,1
MAA,2023,6,1.2948688961529475e-10,0.032640007687902095,12712368.0,50,3.7480952380952384,13.994285628909157,0.45151113635479045,0.021647044590129116,9.348753840351423,-22.76744147840585,1
MAA,2023,7,9.754474258735931e-11,-0.005627369639648383,11635340.0,55,3.8994999999999997,13.943999910354615,0.45151113635479045,0.021647044590129116,9.348753840351423,-23.050709944854493,1
MAA,2023,8,1.0065350598492651e-10,-0.029600000460630382,11779483.0,56,4.167826086956522,15.853912975477135,0.45151113635479045,0.021647044590129116,9.348753840351423,-23.019337131017462,1
MAA,2023,9,1.2715538704431481e-10,-0.11416382443006656,12902166.0,50,4.379,15.241000032424926,0.45151113635479045,0.021647044590129116,9.348753840351423,-22.785611257326643,1
MAA,2023,10,1.269399942336197e-10,-0.07185518414530612,17871506.0,44,4.798095238095239,18.887727303938433,0.45151113635479045,0.021647044590129116,9.348753840351423,-22.787306627476255,1
MAA,2023,11,1.187668526213458e-10,0.053577346463799636,20083816.0,40,4.502857142857143,14.077142897106352,0.45151113635479045,0.021647044590129116,9.348753840351423,-22.853858766271703,1
MAA,2023,12,8.936632651671554e-11,0.08017300460269539,19055739.0,34,4.0200000000000005,12.718499994277954,0.45151113635479045,0.021647044590129116,9.348753840351423,-23.13827716559046,1
MAA,2024,1,7.359223562959374e-11,-0.04977652034162017,23720530.0,37,4.058095238095238,13.395238149733771,0.47955706429421563,0.028548558000289548,9.376902481793415,-23.33248158992175,1
MAA,2024,2,1.0122279425129524e-10,-0.005538811898155638,18736752.0,44,4.2075000000000005,13.944000101089477,0.47955706429421563,0.028548558000289548,9.376902481793415,-23.013697144800517,1
MAA,2024,3,1.1239860889088817e-10,0.046945101736203254,13769645.0,48,4.2085,13.787499904632568,0.47955706429421563,0.028548558000289548,9.376902481793415,-22.908969554961132,1
MAA,2024,4,1.3993537779142397e-10,-0.0006731841968447005,16826057.0,51,4.539090909090909,16.137727087194268,0.47955706429421563,0.028548558000289548,9.376902481793415,-22.689840387087525,1
MAA,2024,5,1.2756687545492076e-10,0.028538083302021455,14770870.0,51,4.482272727272727,13.090454535050826,0.47955706429421563,0.028548558000289548,9.376902481793415,-22.7823803754672,1
MAA,2024,6,1.1241078549732678e-10,0.06656154360291655,11018676.0,45,4.3052631578947365,12.676842037000155,0.47955706429421563,0.028548558000289548,9.376902481793415,-22.908861226690565,1
MAA,2024,7,1.0212948341445569e-10,-0.00962010917502143,13516669.0,43,4.248636363636364,14.470000050284646,0.47955706429421563,0.028548558000289548,9.376902481793415,-23.004779662468874,1
MAA,2024,8,8.370018670748872e-11,0.16169629852024658,16655804.0,41,3.8709090909090906,19.31227272207087,0.47955706429421563,0.028548558000289548,9.376902481793415,-23.203779907760712,1
MAA,2024,9,6.595236143639507e-11,-0.02137362311796931,16724400.0,39,3.7235,17.768999814987183,0.47955706429421563,0.028548558000289548,9.376902481793415,-23.44208843094083,1
MAA,2024,10,9.145942953640564e-11,-0.03840854332628174,13378260.0,41,4.095454545454545,19.96086958180303,0.47955706429421563,0.028548558000289548,9.376902481793415,-23.11512563501958,1
MAA,2024,11,1.0704643225629664e-10,0.084710344676723,13113118.0,43,4.35578947368421,16.121000051498413,0.47955706429421563,0.028548558000289548,9.376902481793415,-22.957758429273586,1
MAA,2024,12,9.511449567063915e-11,-0.05841779990163698,13890339.0,46,4.3914285714285715,15.866190592447916,0.47955706429421563,0.028548558000289548,9.376902481793415,-23.075939732434026,1
PLD,2000,8,2.3691778918562406e-09,-0.004554891722356791,14936399.0,59,5.826086956521739,18.08869569197945,0.49985974551715395,0.01680802456891528,8.69053017419706,-19.860722823049844,0
PLD,2000,9,2.4314813276671276e-09,0.03825150764451446,7826298.0,60,5.799,19.6875,0.49985974551715395,0.01680802456891528,8.69053017419706,-19.83476516546146,0
PLD,2000,10,2.058833901963949e-09,-0.11578962683284211,5349299.0,60,5.738571428571428,25.200000069358133,0.49985974551715395,0.01680802456891528,8.69053017419706,-20.00112608142913,0
PLD,2000,11,1.930650565047653e-09,0.016097418812561326,6181400.0,62,5.717142857142857,26.382857095627557,0.49985974551715395,0.01680802456891528,8.69053017419706,-20.06540881049286,0
PLD,2000,12,1.920220008907846e-09,0.05952409175144946,10493400.0,63,5.2405,26.530499839782713,0.49985974551715395,0.01680802456891528,8.69053017419706,-20.070826069498583,0
PLD,2001,1,2.145704642794997e-09,0.004493480559286889,2722200.0,57,5.160952380952381,24.91857147216797,0.5143350010287403,-0.05758051935865027,8.63122537920733,-19.959797833712788,0
PLD,2001,2,1.3854344612633886e-09,-0.06700086541662809,5608300.0,52,5.098947368421053,23.411579132080078,0.5143350010287403,-0.05758051935865027,8.63122537920733,-20.39725205605479,0
PLD,2001,3,1.6846955718364937e-09,-0.021443922090189305,6659400.0,58,4.885454545454546,28.496818369085137,0.5143350010287403,-0.05758051935865027,8.63122537920733,-20.20168095899803,0
PLD,2001,4,1.735251098023351e-09,0.025896507149684833,5679300.0,60,5.141,28.13399991989136,0.5143350010287403,-0.05758051935865027,8.63122537920733,-20.17211370893375,0
PLD,2001,5,1.238532983549734e-09,0.05644956170201598,4731800.0,59,5.391363636363637,22.944090929898348,0.5143350010287403,-0.05758051935865027,8.63122537920733,-20.509338235500923,0
PLD,2001,6,1.2827447575409043e-09,0.061683382347874405,7817600.0,58,5.284285714285714,20.94047619047619,0.5143350010287403,-0.05758051935865027,8.63122537920733,-20.474263713005566,0
PLD,2001,7,1.392952960195585e-09,-0.06690078454600967,6180000.0,59,5.236190476190477,22.31619053795224,0.5143350010287403,-0.05758051935865027,8.63122537920733,-20.391839911422732,0
PLD,2001,8,1.3645801036827074e-09,0.053464251173166,10212800.0,57,4.971304347826087,21.86173903423807,0.5143350010287403,-0.05758051935865027,8.63122537920733,-20.412419071982768,0
PLD,2001,9,2.2062394253443936e-09,-0.04047288770590418,5712700.0,59,4.731764705882353,35.065333429972334,0.5143350010287403,-0.05758051935865027,8.63122537920733,-19.93197638830346,0
PLD,2001,10,2.221184751416024e-09,-0.05544948214077661,4848500.0,55,4.566818181818181,32.721304603244945,0.5143350010287403,-0.05758051935865027,8.63122537920733,-19.92522511160536,0
PLD,2001,11,1.5436921891266554e-09,0.12005373062264613,7463000.0,46,4.6515,26.63095238095238,0.5143350010287403,-0.05758051935865027,8.63122537920733,-20.289088764592478,0
PLD,2001,12,1.015404166704659e-09,-0.020047117516941437,9090900.0,48,5.0875,23.720000076293946,0.5143350010287403,-0.05758051935865027,8.63122537920733,-20.70797910991308,0
PLD,2002,1,1.001135937732064e-09,0.004647916242639383,6768000.0,55,5.035714285714286,22.252857208251953,0.5055386784051726,0.05702843766556431,8.686686989863666,-20.72213054390344,0
PLD,2002,2,6.706369996002062e-10,0.05825710023720898,14356800.0,58,4.911578947368421,22.875789843107526,0.5055386784051726,0.05702843766556431,8.686686989863666,-21.12279310954399,0
PLD,2002,3,1.258911532216464e-09,0.03777708819761094,8270100.0,58,5.284000000000001,18.98499994277954,0.5055386784051726,0.05702843766556431,8.686686989863666,-20.49301835264824,0
PLD,2002,4,8.024251938201443e-10,-0.049251372610102595,12678600.0,62,5.210909090909091,19.900454607876863,0.5055386784051726,0.05702843766556431,8.686686989863666,-20.943382481692794,0
PLD,2002,5,2.363862055256541e-10,0.0958281066716371,36290600.0,61,5.164545454545455,20.08772711320357,0.5055386784051726,0.05702843766556431,8.686686989863666,-22.16555418435951,0
PLD,2002,6,2.888028847750574e-10,0.0855941431701972,15422200.0,61,4.9265,25.270999908447266,0.5055386784051726,0.05702843766556431,8.686686989863666,-21.965276720126464,0
PLD,2002,7,7.715144272130456e-10,-0.019231232695448797,18449000.0,61,4.653181818181818,34.049544941295274,0.5055386784051726,0.05702843766556431,8.686686989863666,-20.982665744088845,0
PLD,2002,8,1.0937611099618413e-09,-0.007921928849588533,30160800.0,61,4.257272727272727,33.742727366360754,0.5055386784051726,0.05702843766556431,8.686686989863666,-20.633643520628915,0
PLD,2002,9,4.6691768844241e-10,-0.0012034159119403975,8022800.0,55,3.87,37.6475004196167,0.5055386784051726,0.05702843766556431,8.686686989863666,-21.484868129806536,0
PLD,2002,10,8.571951901631607e-10,-0.028501189950481676,12267400.0,63,3.940909090909091,35.243043484895125,0.5055386784051726,0.05702843766556431,8.686686989863666,-20.877355463447106,0
PLD,2002,11,7.377467128651271e-10,0.030614311855314602,9501600.0,61,4.048421052631579,28.174999713897705,0.5055386784051726,0.05702843766556431,8.686686989863666,-21.027420557737077,0
PLD,2002,12,6.981233099763773e-10,0.023190751634498685,8889200.0,62,4.032380952380952,28.21047628493536,0.5055386784051726,0.05702843766556431,8.686686989863666,-21.08262536691177,0
PLD,2003,1,8.240831517583289e-10,-0.01192852103785591,8610000.0,63,4.048571428571428,27.424285707019624,0.5135269693126392,0.07523847708923337,8.7592294659934,-20.916749678782313,0
PLD,2003,2,8.264448334078846e-10,0.012105902956174974,8656600.0,62,3.9026315789473687,32.218421032554225,0.5135269693126392,0.07523847708923337,8.7592294659934,-20.913887948133056,0
PLD,2003,3,8.211173909308244e-10,0.021790136003087213,9327400.0,63,3.8071428571428574,30.634285699753534,0.5135269693126392,0.07523847708923337,8.7592294659934,-20.920355031398124,0
PLD,2003,4,7.262607535766166e-10,0.01658739617176952,10247100.0,56,3.958571428571428,23.991904758271716,0.5135269693126392,0.07523847708923337,8.7592294659934,-21.043112000881873,0
PLD,2003,5,6.400639504062558e-10,0.058700420533251085,27079400.0,55,3.5690476190476192,20.23952375139509,0.5135269693126392,0.07523847708923337,8.7592294659934,-21.169453022056977,0
PLD,2003,6,1.071472289681913e-09,0.015246543301331128,9410900.0,60,3.334285714285714,20.362380799793062,0.5135269693126392,0.07523847708923337,8.7592294659934,-20.65423216258879,0
PLD,2003,7,4.885209536151545e-10,0.009156738819197985,59439900.0,63,3.975454545454546,19.16136360168457,0.5135269693126392,0.07523847708923337,8.7592294659934,-21.439638751578205,0
PLD,2003,8,4.5736229541745117e-10,0.03670048555962668,10047200.0,65,4.4452380952380945,19.27428572518485,0.5135269693126392,0.07523847708923337,8.7592294659934,-21.505545270143703,0
PLD,2003,9,4.02085803227812e-10,0.07307265472427038,12393800.0,67,4.274285714285715,19.53238096691313,0.5135269693126392,0.07523847708923337,8.7592294659934,-21.634355609219583,0
PLD,2003,10,4.132887926794096e-10,-0.023471141719278332,15037300.0,67,4.290454545454545,18.0234783006751,0.5135269693126392,0.07523847708923337,8.7592294659934,-21.606874511450652,0
PLD,2003,11,6.625613723027112e-10,0.04492871004962584,8403106.0,69,4.300000000000001,17.401052575362357,0.5135269693126392,0.07523847708923337,8.7592294659934,-21.1349079249207,0
PLD,2003,12,4.3578327171494285e-10,0.05212752813153565,9172400.0,68,4.267727272727273,16.826363650235262,0.5135269693126392,0.07523847708923337,8.7592294659934,-21.553876079388942,0
PLD,2004,1,3.848406773389443e-10,0.017139039755642127,12508900.0,69,4.1505,16.100999975204466,0.5535565321024165,0.1143937654984093,8.867540014969475,-21.67819169238365,0
PLD,2004,2,3.4146495509418824e-10,0.026204968759169,12905600.0,68,4.084210526315789,15.998421167072497,0.5535565321024165,0.1143937654984093,8.867540014969475,-21.79777606269837,0
PLD,2004,3,5.207776696272232e-10,0.08270400150227242,13359000.0,66,3.826521739130435,17.687391198199727,0.5535565321024165,0.1143937654984093,8.867540014969475,-21.3756979030133,0
PLD,2004,4,5.82182545779284e-10,-0.17981542479242163,20721900.0,66,4.347619047619047,15.6985715230306,0.5535565321024165,0.1143937654984093,8.867540014969475,-21.26423706483406,0
PLD,2004,5,6.149067521102278e-10,0.1037443659840902,17368200.0,69,4.7155000000000005,17.704999876022338,0.5535565321024165,0.1143937654984093,8.867540014969475,-21.209550482202893,0
PLD,2004,6,4.372991458838219e-10,0.02682388192049534,14205000.0,69,4.733809523809524,15.35714290255592,0.5535565321024165,0.1143937654984093,8.867540014969475,-21.550403610670003,0
PLD,2004,7,6.915809720904349e-10,0.034021143798546705,10162700.0,68,4.498095238095239,15.502380916050502,0.5535565321024165,0.1143937654984093,8.867540014969475,-21.09204087538044,0
PLD,2004,8,6.008396373000707e-10,0.07350666598895694,12740000.0,67,4.281363636363636,16.684090744365346,0.5535565321024165,0.1143937654984093,8.867540014969475,-21.232693043453644,0
PLD,2004,9,4.5248107674422034e-10,-0.02517051320950625,10892800.0,70,4.1257142857142854,14.08095241728283,0.5535565321024165,0.1143937654984093,8.867540014969475,-21.51627517301281,0
PLD,2004,10,5.803301182492228e-10,0.10612868673566944,11208600.0,67,4.0969999999999995,14.973809560139975,0.5535565321024165,0.1143937654984093,8.867540014969475,-21.267424004908335,0
PLD,2004,11,4.3213834058775723e-10,0.041395690518256645,16003800.0,69,4.194,13.577142897106352,0.5535565321024165,0.1143937654984093,8.867540014969475,-21.562275346106,0
PLD,2004,12,4.1932703576101683e-10,0.07705627887294142,13624700.0,70,4.2309090909090905,12.459545438939875,0.5535565321024165,0.1143937654984093,8.867540014969475,-21.592369985507034,0
PLD,2005,1,3.2110801016187316e-10,-0.11978042495634156,16659700.0,71,4.221500000000001,13.43799991607666,0.5770454173890446,0.8476285394951308,9.481442961217695,-21.85924356914026,0
PLD,2005,2,2.532345103654935e-10,0.0521556360770179,13667600.0,70,4.165263157894737,11.708947482861971,0.5770454173890446,0.8476285394951308,9.481442961217695,-22.096705138083962,0
PLD,2005,3,4.955989641004317e-10,-0.06690290344812466,15968700.0,69,4.497727272727273,13.126363667574795,0.5770454173890446,0.8476285394951308,9.481442961217695,-21.42525405636858,0
PLD,2005,4,2.7980531343119407e-10,0.06711240935561347,16972800.0,70,4.3409523809523805,14.459047589983259,0.5770454173890446,0.8476285394951308,9.481442961217695,-21.99692706377314,0
PLD,2005,5,3.234981854734541e-10,0.04108459823976629,17144100.0,67,4.144285714285714,13.967618987673806,0.5770454173890446,0.8476285394951308,9.481442961217695,-21.851827611049835,0
PLD,2005,6,1.5748849446861024e-10,-0.014691504600865879,29566600.0,70,3.998181818181818,11.868636348030783,0.5770454173890446,0.8476285394951308,9.481442961217695,-22.571668711324165,0
PLD,2005,7,1.86907059641554e-10,0.1322066212509012,21977000.0,72,4.1775,11.049000024795532,0.5770454173890446,0.8476285394951308,9.481442961217695,-22.400409629887427,0
PLD,2005,8,2.0480911811819828e-10,-0.0366493081385435,26314700.0,70,4.262608695652174,12.951304394265879,0.5770454173890446,0.8476285394951308,9.481442961217695,-22.308942701692757,0
PLD,2005,9,1.328102058250873e-10,0.01838665979410492,42786800.0,67,4.199047619047619,12.628095263526554,0.5770454173890446,0.8476285394951308,9.481442961217695,-22.742100030746585,0
PLD,2005,10,3.018486972038547e-10,-0.029566192941396063,22353700.0,65,4.4635,14.937618982224237,0.5770454173890446,0.8476285394951308,9.481442961217695,-21.921095226733676,0
PLD,2005,11,1.8189344393060154e-10,0.06387174894227132,27172200.0,68,4.535,12.147619111197335,0.5770454173890446,0.8476285394951308,9.481442961217695,-22.427600073216723,0
PLD,2005,12,1.4634373079230472e-10,0.029983865733661963,19113300.0,61,4.467142857142857,11.260000001816522,0.5770454173890446,0.8476285394951308,9.481442961217695,-22.645062940795274,0
PLD,2006,1,1.58735156832717e-10,0.09631886056511507,23021100.0,57,4.416,12.03600001335144,0.5943762782150498,0.2127046347685726,9.674296061750136,-22.56378398279352,0
PLD,2006,2,1.3260102395608592e-10,0.033464081510295784,21095700.0,57,4.568947368421052,12.47105262154027,0.5943762782150498,0.2127046347685726,9.674296061750136,-22.743676316064175,0
PLD,2006,3,2.0778590476208757e-10,0.018657314659449975,24603500.0,56,4.7239130434782615,11.693913003672725,0.5943762782150498,0.2127046347685726,9.674296061750136,-22.294512870352833,0
PLD,2006,4,2.072553379183817e-10,-0.06130993344086977,18281500.0,54,4.990526315789474,11.847368441129985,0.5943762782150498,0.2127046347685726,9.674296061750136,-22.297069566305705,0
PLD,2006,5,3.073038640052085e-10,-0.007400157816620956,20994300.0,51,5.11,14.454545411196621,0.5943762782150498,0.2127046347685726,9.674296061750136,-21.903184072822324,0
PLD,2006,6,2.3739241356812306e-10,0.053993647582603055,21762300.0,46,5.106363636363636,16.91863627867265,0.5943762782150498,0.2127046347685726,9.674296061750136,-22.161306590589952,0
PLD,2006,7,2.441737438431095e-10,0.061974260181885565,21421600.0,42,5.0875,15.325999879837036,0.5943762782150498,0.2127046347685726,9.674296061750136,-22.13314107910252,0
PLD,2006,8,2.0110101024837092e-10,0.027649389640283628,19448500.0,39,4.8765217391304345,13.351739137069039,0.5943762782150498,0.2127046347685726,9.674296061750136,-22.32721379555057,0
PLD,2006,9,9.953336529956835e-11,0.010628751439205608,22315300.0,33,4.718999999999999,12.184499979019165,0.5943762782150498,0.2127046347685726,9.674296061750136,-23.03052819833052,0
PLD,2006,10,1.353325949980525e-10,0.10883280863336164,22965300.0,30,4.729047619047619,11.306363625959916,0.5943762782150498,0.2127046347685726,9.674296061750136,-22.72328570068922,0
PLD,2006,11,1.175149010422466e-10,0.03686592576343384,28066500.0,31,4.595238095238095,10.817619051252093,0.5943762782150498,0.2127046347685726,9.674296061750136,-22.864455973004155,0
PLD,2006,12,1.0894793382327163e-10,-0.06751659354902928,27525500.0,33,4.5645,10.964500045776367,0.5943762782150498,0.2127046347685726,9.674296061750136,-22.940151019166837,0
PLD,2007,1,1.1613100149693424e-10,0.06960744331463276,26233900.0,33,4.7595238095238095,11.042500066757203,0.6189897563551148,0.24023032629558538,9.889593171130809,-22.876302238778557,0
PLD,2007,2,1.1001547458806383e-10,0.02417201660974455,35879184.0,35,4.722631578947369,11.155263097662674,0.6189897563551148,0.24023032629558538,9.889593171130809,-22.930400081957057,0
PLD,2007,3,1.207556217145826e-10,-0.01814580443022884,52611489.0,39,4.5645454545454545,15.162727269259365,0.6189897563551148,0.24023032629558538,9.889593171130809,-22.837252267837087,0
PLD,2007,4,7.817645258544814e-11,-0.002001270571562519,30341428.0,36,4.6938095238095245,12.93299994468689,0.6189897563551148,0.24023032629558538,9.889593171130809,-23.272052631555503,0
PLD,2007,5,1.205887300681989e-10,0.0048116131804538664,46251129.0,33,4.746363636363636,13.297727324745871,0.6189897563551148,0.24023032629558538,9.889593171130809,-22.838635284856153,0
PLD,2007,6,1.2175027220575846e-10,-0.12001302209391729,45663869.0,30,5.102857142857142,14.947618938627697,0.6189897563551148,0.24023032629558538,9.889593171130809,-22.8290491181921,0
PLD,2007,7,1.0845664383776999e-10,-3.618561916773899e-08,46830265.0,28,5.0042857142857144,17.273333277021134,0.6189897563551148,0.24023032629558538,9.889593171130809,-22.94467061877303,0
PLD,2007,8,1.6132798920337608e-10,0.06636473276203936,66950296.0,24,4.674782608695652,25.026086724322774,0.6189897563551148,0.24023032629558538,9.889593171130809,-22.547581623201125,0
PLD,2007,9,1.4467278763564665e-10,0.10289092274478873,33620519.0,22,4.521578947368421,22.19894740456029,0.6189897563551148,0.24023032629558538,9.889593171130809,-22.65654656054585,0
PLD,2007,10,7.628119735537173e-11,0.08123600051430335,51861712.0,20,4.527727272727272,19.115652084350586,0.6189897563551148,0.24023032629558538,9.889593171130809,-23.296594638474062,0
PLD,2007,11,8.921570155927966e-11,-0.08194761133425565,81364478.0,19,4.1485,25.582380930582683,0.6189897563551148,0.24023032629558538,9.889593171130809,-23.1399640653841,0
PLD,2007,12,1.772098266050185e-10,-0.031182237916693945,51394300.0,19,4.0975,21.651000022888184,0.6189897563551148,0.24023032629558538,9.889593171130809,-22.45368662441354,0
PLD,2008,1,1.1861921714799105e-10,-0.06374378989952534,82933800.0,18,3.744285714285714,25.816190719604492,0.6652546387387301,-0.023920968702446976,9.865381449973608,-22.85510260920261,0
PLD,2008,2,1.3258913421874534e-10,-0.08336777419123065,56187800.0,19,3.7375,25.456000137329102,0.6652546387387301,-0.023920968702446976,9.865381449973608,-22.743765985586077,0
PLD,2008,3,8.3806022695266e-11,0.09242792818020562,71194300.0,20,3.5100000000000002,27.103500080108642,0.6652546387387301,-0.023920968702446976,9.865381449973608,-23.202516241151116,0
PLD,2008,4,9.690114693712178e-11,0.06370979797272258,53910900.0,20,3.675,21.562727321277965,0.6652546387387301,-0.023920968702446976,9.865381449973608,-23.05732976080547,0
PLD,2008,5,7.863743270300001e-11,-0.0028798505267719765,53546900.0,20,3.8800000000000003,18.303333009992325,0.6652546387387301,-0.023920968702446976,9.865381449973608,-23.2661732868204,0
PLD,2008,6,1.1619760117816699e-10,-0.12239482021323,59562400.0,19,4.099523809523809,22.11047617594401,0.6652546387387301,-0.023920968702446976,9.865381449973608,-22.875728915629445,0
PLD,2008,7,1.4918639926020688e-10,-0.10064302497424271,96766800.0,18,4.007727272727273,24.32136362249201,0.6652546387387301,-0.023920968702446976,9.865381449973608,-22.625824590087422,0
PLD,2008,8,1.4671228430697433e-10,-0.10924732507878987,82602200.0,16,3.8857142857142852,20.695714133126394,0.6652546387387301,-0.023920968702446976,9.865381449973608,-22.64254769667822,0
PLD,2008,9,2.1961422812339442e-10,-0.04156818446067945,133259200.0,16,3.6861904761904762,30.238571348644438,0.6652546387387301,-0.023920968702446976,9.865381449973608,-22.239148617301886,0
PLD,2008,10,6.282713516807453e-10,-0.6607705656560435,182387300.0,17,3.814090909090909,61.1773912181025,0.6652546387387301,-0.023920968702446976,9.865381449973608,-21.188048954120166,0
PLD,2008,11,2.449387215544719e-09,-0.7122141116000826,263856300.0,14,3.526666666666667,62.639473362972865,0.6652546387387301,-0.023920968702446976,9.865381449973608,-19.82742795977822,0
PLD,2008,12,1.3883010790659405e-09,2.6266262142236787,422066200.0,9,2.4163636363636365,52.405000166459516,0.6652546387387301,-0.023920968702446976,9.865381449973608,-20.39518508263106,0
PLD,2009,1,4.163808511574627e-10,-0.27933780843358746,289202200.0,9,2.5175,44.68300018310547,0.5257868402997499,-0.12293654922633324,9.734205510545468,-21.5994207668987,0
PLD,2009,2,6.001957192241572e-10,-0.3985158540036787,285570900.0,8,2.87,45.57052592227333,0.5257868402997499,-0.12293654922633324,9.734205510545468,-21.233765315196706,0
PLD,2009,3,9.35538696620237e-10,0.12262511927254183,424016000.0,9,2.819545454545455,44.7954548922452,0.5257868402997499,-0.12293654922633324,9.734205510545468,-20.789898606430413,0
PLD,2009,4,4.878995579808938e-10,0.4015407882960147,559133800.0,9,2.927142857142857,38.063809349423366,0.5257868402997499,-0.12293654922633324,9.734205510545468,-21.440911555069672,0
PLD,2009,5,3.7783439301451337e-10,-0.04885514122741452,327322000.0,14,3.293,31.97799997329712,0.5257868402997499,-0.12293654922633324,9.734205510545468,-21.696565130027036,0
PLD,2009,6,3.381188281982522e-10,-0.0506467085785105,265461900.0,16,3.7218181818181817,29.140454725785688,0.5257868402997499,-0.12293654922633324,9.734205510545468,-21.8076237195125,0
PLD,2009,7,3.9604485698872094e-10,0.0905708286392759,258876900.0,15,3.5622727272727275,26.16272735595703,0.5257868402997499,-0.12293654922633324,9.734205510545468,-21.649493635865177,0
PLD,2009,8,2.357432484140399e-10,0.2838597885140357,285685600.0,17,3.587142857142857,25.33714285350981,0.5257868402997499,-0.12293654922633324,9.734205510545468,-22.168277833577825,0
PLD,2009,9,2.2189137069497494e-10,0.071942539793316,267267100.0,18,3.401904761904762,24.926666713896253,0.5257868402997499,-0.12293654922633324,9.734205510545468,-22.22883317500676,0
PLD,2009,10,2.87070833778851e-10,-0.049494917131406635,241995400.0,19,3.3876190476190478,24.252272865988992,0.5257868402997499,-0.12293654922633324,9.734205510545468,-21.971292123029095,0
PLD,2009,11,2.5192579731344117e-10,0.16782582938414836,205089900.0,17,3.4026315789473687,23.783499908447265,0.5257868402997499,-0.12293654922633324,9.734205510545468,-22.101886526882932,0
PLD,2009,12,2.3492576409067093e-10,0.04663609640737865,147127900.0,17,3.5900000000000003,21.239545475352894,0.5257868402997499,-0.12293654922633324,9.734205510545468,-22.171751549177017,0
PLD,2010,1,1.744917664806672e-10,-0.07962091116895764,150132600.0,16,3.7331578947368427,20.643157758210833,0.4953685135687458,-0.11742370560628812,9.609295469204755,-22.469143558891123,0
PLD,2010,2,2.0013129454831308e-10,0.03539047166072451,165210900.0,15,3.691052631578947,22.540000012046413,0.4953685135687458,-0.11742370560628812,9.609295469204755,-22.33204749202292,0
PLD,2010,3,1.5073496661625324e-10,0.02405000559407333,189083900.0,17,3.7273913043478264,17.767391287762187,0.4953685135687458,-0.11742370560628812,9.609295469204755,-22.615498009232635,0
PLD,2010,4,2.3444532634083766e-10,-0.002274790077288591,170585700.0,15,3.8468181818181817,17.42428566160656,0.4953685135687458,-0.11742370560628812,9.609295469204755,-22.173798705158347,0
PLD,2010,5,2.2669908219620014e-10,-0.12546634914625254,284092700.0,19,3.4200000000000004,31.929500007629393,0.4953685135687458,-0.11742370560628812,9.609295469204755,-22.2073976069623,0
PLD,2010,6,2.451683175014538e-10,-0.10983999649506959,219743800.0,22,3.2040909090909087,29.91636371612549,0.4953685135687458,-0.11742370560628812,9.609295469204755,-22.12907613105729,0
PLD,2010,7,2.0634725981716327e-10,0.07206060614087306,273688500.0,16,3.0114285714285716,25.565237862723215,0.4953685135687458,-0.11742370560628812,9.609295469204755,-22.301460639114648,0
PLD,2010,8,2.299027529050235e-10,0.015305579187342877,152495600.0,14,2.6986363636363637,24.745908997275613,0.4953685135687458,-0.11742370560628812,9.609295469204755,-22.193364709872586,0
PLD,2010,9,2.907405505852286e-10,0.08396682938181654,142562100.0,13,2.6476190476190475,22.51761899675642,0.4953685135687458,-0.11742370560628812,9.609295469204755,-21.958589825194704,0
PLD,2010,10,1.310631344066993e-10,0.1570477331060418,292881100.0,13,2.54,20.3733332497733,0.4953685135687458,-0.11742370560628812,9.609295469204755,-22.755341966788286,0
PLD,2010,11,1.1681634994976035e-10,-0.037729317053985856,219624500.0,15,2.763,20.095714387439546,0.4953685135687458,-0.11742370560628812,9.609295469204755,-22.870418072884473,0
PLD,2010,12,1.0129298674307044e-10,0.10991447561225964,137490400.0,16,3.290909090909091,17.569545529105447,0.4953685135687458,-0.11742370560628812,9.609295469204755,-23.013003939616787,0
PLD,2011,1,1.0973998340524941e-10,0.03324158126270493,172960200.0,16,3.3939999999999997,17.31549987792969,0.4785918379772667,0.860332247912404,10.230050568887693,-22.932907335516525,0
PLD,2011,2,1.0934352117726326e-10,0.09798728482723096,139266900.0,16,3.5763157894736843,17.4299999036287,0.4785918379772667,0.860332247912404,10.230050568887693,-22.93652661905428,0
PLD,2011,3,1.9511516880993082e-10,-0.01722172892271534,126967100.0,16,3.4143478260869564,20.72347815140434,0.4785918379772667,0.860332247912404,10.230050568887693,-22.357431122424124,0
PLD,2011,4,1.2800214148422394e-10,0.019402166215069627,98430500.0,17,3.4549999999999996,16.244000005722047,0.4785918379772667,0.860332247912404,10.230050568887693,-22.778974121803383,0
PLD,2011,5,1.5481043184914024e-10,0.023790064272362743,103531400.0,16,3.168571428571429,16.911428587777273,0.4785918379772667,0.860332247912404,10.230050568887693,-22.58881976783714,0
PLD,2011,6,9.75756639912717e-11,-0.03380556166514703,159596000.0,16,3.002272727272727,19.15318202972412,0.4785918379772667,0.860332247912404,10.230050568887693,-23.0503929979527,0
PLD,2011,7,1.217996852062843e-10,-0.005860609835431685,70594300.0,13,3.003,19.22749991416931,0.4785918379772667,0.860332247912404,10.230050568887693,-22.828643345169358,0
PLD,2011,8,2.0652723175081922e-10,-0.2357560510219544,133499600.0,15,2.3030434782608693,35.02913035517154,0.4785918379772667,0.860332247912404,10.230050568887693,-22.3005888393366,0
PLD,2011,9,2.417600367707762e-10,-0.1003317893589808,99717000.0,15,1.975238095238095,36.52999977838425,0.4785918379772667,0.860332247912404,10.230050568887693,-22.143075465307934,0
PLD,2011,10,2.647564373236453e-10,0.22721554081182815,95895000.0,14,2.152,32.82904770260765,0.4785918379772667,0.860332247912404,10.230050568887693,-22.05221081701687,0
PLD,2011,11,2.506724243794995e-10,-0.06518725007573734,74146400.0,17,2.0134999999999996,31.941904703776043,0.4785918379772667,0.860332247912404,10.230050568887693,-22.106874111311548,0
PLD,2011,12,2.147519098646204e-10,0.03824112753012954,55981000.0,19,1.9780952380952381,25.047619047619047,0.4785918379772667,0.860332247912404,10.230050568887693,-22.261537661671273,0
PLD,2012,1,1.3782322993715073e-10,0.10913082691790166,72334600.0,21,1.9665,20.227999877929687,0.49566961288561445,-0.014924553216010827,10.215013523864128,-22.705049194363852,0
PLD,2012,2,1.3537679054738656e-10,0.06149466421103744,57234500.0,25,1.9675,18.420499992370605,0.49566961288561445,-0.014924553216010827,10.215013523864128,-22.722959184121372,0
PLD,2012,3,1.0688912942664815e-10,0.07903060004288198,61978300.0,28,2.1727272727272724,16.16727287119085,0.49566961288561445,-0.014924553216010827,10.215013523864128,-22.959228992248335,0
PLD,2012,4,1.536576358176477e-10,-0.007219889580785788,55010800.0,28,2.052857142857143,17.822999906539916,0.49566961288561445,-0.014924553216010827,10.215013523864128,-22.596294132409533,0
PLD,2012,5,1.321240116109431e-10,-0.10570498934821315,68704800.0,24,1.8031818181818182,21.001818136735395,0.49566961288561445,-0.014924553216010827,10.215013523864128,-22.747280152478005,0
PLD,2012,6,1.2334458505983854e-10,0.04826000671955466,79869300.0,28,1.6223809523809525,21.130952290126256,0.49566961288561445,-0.014924553216010827,10.215013523864128,-22.816039172904702,0
PLD,2012,7,1.2198825784231415e-10,-0.027083296679428992,47253900.0,29,1.5266666666666668,17.565238180614653,0.49566961288561445,-0.014924553216010827,10.215013523864128,-22.827096323021497,0
PLD,2012,8,1.0567955521229592e-10,0.05691278802607447,50606000.0,35,1.6782608695652175,15.689565119536027,0.49566961288561445,-0.014924553216010827,10.215013523864128,-22.970609664539612,0
PLD,2012,9,9.711739664512315e-11,0.033124583825031806,59421000.0,37,1.7231578947368422,15.284736834074321,0.49566961288561445,-0.014924553216010827,10.215013523864128,-23.055100594525204,0
PLD,2012,10,9.332255531808021e-11,-0.02112385036651332,51940400.0,40,1.7461904761904763,16.276190576099214,0.49566961288561445,-0.014924553216010827,10.215013523864128,-23.094959286830445,0
PLD,2012,11,8.596849149749945e-11,-0.01020483539301642,52203400.0,41,1.654,16.70190484183175,0.49566961288561445,-0.014924553216010827,10.215013523864128,-23.177040264743887,0
PLD,2012,12,8.400070003665857e-11,0.08372838723540155,53056600.0,45,1.719,17.306999826431273,0.49566961288561445,-0.014924553216010827,10.215013523864128,-23.200195983350216,0
PLD,2013,1,6.680962413843112e-11,0.09345032364582906,62397600.0,47,1.9147619047619049,13.505238124302455,0.4230719565729013,-0.10024985220693627,10.10937535610126,-23.42917397183499,0
PLD,2013,2,9.327346966998536e-11,-0.02406223046214484,51107200.0,47,1.9842105263157896,14.07263163516396,0.4230719565729013,-0.10024985220693627,10.10937535610126,-23.095485403603085,0
PLD,2013,3,7.180574363918525e-11,0.034039762511752114,55814500.0,46,1.9575,13.031500005722046,0.4230719565729013,-0.10024985220693627,10.10937535610126,-23.35705664809907,0
PLD,2013,4,8.24520893618485e-11,0.04927552435622351,91123400.0,44,1.7590909090909093,13.967272715135055,0.4230719565729013,-0.10024985220693627,10.10937535610126,-23.2188037262877,0
PLD,2013,5,6.285943380153059e-11,-0.03933265459185886,67018700.0,41,1.9281818181818182,13.493636304681951,0.4230719565729013,-0.10024985220693627,10.10937535610126,-23.490120091893193,0
PLD,2013,6,1.0184611290367536e-10,-0.05730574477087613,86171900.0,44,2.3,17.271499919891358,0.4230719565729013,-0.10024985220693627,10.10937535610126,-23.0075581388964,0
PLD,2013,7,1.0052262329804788e-10,0.016964807394106662,52596900.0,51,2.5822727272727275,13.97454565221613,0.4230719565729013,-0.10024985220693627,10.10937535610126,-23.020638306319032,0
PLD,2013,8,1.250803208786235e-10,-0.08133379383056649,44892000.0,56,2.7372727272727273,14.209999908100475,0.4230719565729013,-0.10024985220693627,10.10937535610126,-22.80206501795506,0
PLD,2013,9,1.0457475900969456e-10,0.075601455726793,50322200.0,58,2.8095,14.692000102996825,0.4230719565729013,-0.10024985220693627,10.10937535610126,-22.98111890307634,0
PLD,2013,10,1.0350315621988533e-10,0.061932498805014946,57963000.0,57,2.6159090909090907,15.407826050468113,0.4230719565729013,-0.10024985220693627,10.10937535610126,-22.991419008809963,0
PLD,2013,11,1.234699711406534e-10,-0.050563338670804425,37049200.0,54,2.718421052631579,12.923999977111816,0.4230719565729013,-0.10024985220693627,10.10937535610126,-22.81502313808462,0
PLD,2013,12,8.099957489869668e-11,-0.018289529485990386,50165900.0,54,2.901904761904762,14.192380905151367,0.4230719565729013,-0.10024985220693627,10.10937535610126,-23.23657720943412,0
PLD,2014,1,1.1882694943593983e-10,0.04898574504993802,53605400.0,57,2.858095238095238,14.240952400934129,0.4119037936886671,0.05070407105039032,10.158835839414124,-22.853352887622048,0
PLD,2014,2,6.63493389699679e-11,0.06269363250426707,46027300.0,56,2.709473684210526,15.470000116448654,0.4119037936886671,0.05070407105039032,10.158835839414124,-23.436087317973616,0
PLD,2014,3,1.1734718938393352e-10,-0.0006278057284289096,42371387.0,46,2.723333333333333,14.836666742960611,0.4119037936886671,0.05070407105039032,10.158835839414124,-22.865884144630453,0
PLD,2014,4,5.139166782823032e-11,-0.00489809646125261,56006967.0,46,2.705238095238095,14.198095321655273,0.4119037936886671,0.05070407105039032,10.158835839414124,-23.691545061116923,0
PLD,2014,5,7.993293396551457e-11,0.02165866149073925,48383007.0,46,2.559047619047619,12.475238028026762,0.4119037936886671,0.05070407105039032,10.158835839414124,-23.24983315827701,0
PLD,2014,6,7.126353076014441e-11,-0.00223426671680671,42310777.0,45,2.5985714285714288,11.541428565979004,0.4119037936886671,0.05070407105039032,10.158835839414124,-23.364636409404003,0
PLD,2014,7,7.135643331989025e-11,-0.006814505826574502,42807698.0,49,2.5422727272727275,12.296363613822244,0.4119037936886671,0.05070407105039032,10.158835839414124,-23.36333361040969,0
PLD,2014,8,6.257906228636054e-11,0.0031872816949429783,36395679.0,53,2.42,13.497142927987236,0.4119037936886671,0.05070407105039032,10.158835839414124,-23.494590362038483,0
PLD,2014,9,8.700230312939718e-11,-0.07130526946006643,54830328.0,55,2.5342857142857143,13.466666630336217,0.4119037936886671,0.05070407105039032,10.158835839414124,-23.16508652487267,0
PLD,2014,10,7.549888863602904e-11,0.10477333708466596,66670566.0,59,2.304090909090909,18.01608711740245,0.4119037936886671,0.05070407105039032,10.158835839414124,-23.306903179834507,0
PLD,2014,11,6.717800825196797e-11,0.015125212937499022,47093745.0,54,2.3255555555555554,13.41315786462081,0.4119037936886671,0.05070407105039032,10.158835839414124,-23.423675180115318,0
PLD,2014,12,7.001131516724969e-11,0.025874069172023617,59469926.0,58,2.2072727272727275,16.3118182962591,0.4119037936886671,0.05070407105039032,10.158835839414124,-23.38236424169595,0
PLD,2015,1,6.017764867970215e-11,0.0490344697621512,69090286.0,58,1.8815000000000002,19.119499969482423,0.4132513867677375,0.21599255688511154,10.354396501956726,-23.53372011694722,0
PLD,2015,2,6.597003032478634e-11,-0.0538332450897131,61089484.0,57,1.9752631578947368,15.904210492184287,0.4132513867677375,0.21599255688511154,10.354396501956726,-23.44182056301847,0
PLD,2015,3,6.987237870776575e-11,0.02847854864734023,77079341.0,55,2.0427272727272725,14.812727277929133,0.4132513867677375,0.21599255688511154,10.354396501956726,-23.384350699178196,0
PLD,2015,4,6.356098380514804e-11,-0.07713670157436836,69507305.0,52,1.935,13.494761875697545,0.4132513867677375,0.21599255688511154,10.354396501956726,-23.479021296010597,0
PLD,2015,5,6.613620029423831e-11,-0.015175290172622868,59338960.0,56,2.1975000000000002,13.3385000705719,0.4132513867677375,0.21599255688511154,10.354396501956726,-23.439304859462162,0
PLD,2015,6,6.427706947741651e-11,-0.054262289111886686,68994441.0,54,2.3636363636363638,14.33954551003196,0.4132513867677375,0.21599255688511154,10.354396501956726,-23.467818166057786,0
PLD,2015,7,6.906417056467688e-11,0.0946111256346771,59304034.0,60,2.3245454545454547,14.35272723978216,0.4132513867677375,0.21599255688511154,10.354396501956726,-23.395985035337237,0
PLD,2015,8,8.544614008885253e-11,-0.0642707833542947,67459937.0,60,2.1671428571428573,19.42809536343529,0.4132513867677375,0.21599255688511154,10.354396501956726,-23.18313487896296,0
PLD,2015,9,1.146672004118273e-10,0.034541750857116194,64134903.0,61,2.172857142857143,24.3771428607759,0.4132513867677375,0.21599255688511154,10.354396501956726,-22.888987092479784,0
PLD,2015,10,7.834518265163498e-11,0.09845599775125913,57283532.0,61,2.07,16.789545449343596,0.4132513867677375,0.21599255688511154,10.354396501956726,-23.26989663399912,0
PLD,2015,11,9.189457254925746e-11,0.000468893888870614,50431408.0,65,2.263157894736842,16.209999990463256,0.4132513867677375,0.21599255688511154,10.354396501956726,-23.110379146534445,0
PLD,2015,12,8.76015420487326e-11,0.013672580818286706,63332563.0,62,2.2427272727272727,18.02545473792336,0.4132513867677375,0.21599255688511154,10.354396501956726,-23.158222514845104,0
PLD,2016,1,1.0948104663134567e-10,-0.08038136308865895,73122807.0,60,2.0852631578947367,23.717894805105107,0.3898121820571365,-0.03646579062045596,10.317249215522576,-22.935269671778514,0
PLD,2016,2,8.51378865597579e-11,-0.025590312320528663,75357261.0,61,1.7795,22.516999816894533,0.3898121820571365,-0.03646579062045596,10.317249215522576,-23.186748978954355,0
PLD,2016,3,8.535733503189447e-11,0.16012311427772152,61425489.0,58,1.8890909090909092,15.849090966311367,0.3898121820571365,-0.03646579062045596,10.317249215522576,-23.184174729761047,0
PLD,2016,4,6.088265341010242e-11,0.027840164684212576,65682356.0,58,1.805238095238095,14.300476255871,0.3898121820571365,-0.03646579062045596,10.317249215522576,-23.522072819059076,0
PLD,2016,5,7.280322302202352e-11,0.04668527411176493,55166195.0,58,1.8061904761904761,14.852857044764928,0.3898121820571365,-0.03646579062045596,10.317249215522576,-23.343260889425352,0
PLD,2016,6,5.010929090612941e-11,0.040459504453060235,84820754.0,58,1.6440909090909093,17.774545496160332,0.3898121820571365,-0.03646579062045596,10.317249215522576,-23.71681467780281,0
PLD,2016,7,5.927463581864578e-11,0.11113418057770219,63561144.0,60,1.504,13.158500051498413,0.3898121820571365,-0.03646579062045596,10.317249215522576,-23.548839627924323,0
PLD,2016,8,4.2342603130059284e-11,-0.02532748204317181,52889468.0,58,1.556521739130435,12.399565240611201,0.3898121820571365,-0.03646579062045596,10.317249215522576,-23.88522737053264,0
PLD,2016,9,9.289467129527982e-11,0.016355557249521313,54451285.0,59,1.6304761904761906,14.219523793175107,0.3898121820571365,-0.03646579062045596,10.317249215522576,-23.099554831331062,0
PLD,2016,10,8.965894403807715e-11,-0.025775584737230406,48279093.0,65,1.7645,14.58523804800851,0.3898121820571365,-0.03646579062045596,10.317249215522576,-23.135008154673272,0
PLD,2016,11,7.436265302133569e-11,-0.02415419255931628,78386875.0,63,2.1420000000000003,15.236190387180873,0.3898121820571365,-0.03646579062045596,10.317249215522576,-23.32206727564107,0
PLD,2016,12,7.481123254754927e-11,0.045618032481684834,49336061.0,63,2.491904761904762,12.472380956013998,0.3898121820571365,-0.03646579062045596,10.317249215522576,-23.31605307447418,0
PLD,2017,1,6.251325081722968e-11,-0.07463513442205261,57589557.0,69,2.4325,11.608500003814697,0.3655000368880714,-0.02541681746590374,10.291503811038698,-23.495642568582113,0
PLD,2017,2,7.252806278362679e-11,0.04503746186915003,52031629.0,67,2.4189473684210525,11.530526361967388,0.3655000368880714,-0.02541681746590374,10.291503811038698,-23.347047556083687,0
PLD,2017,3,5.947253149773064e-11,0.025327342468716374,64151249.0,65,2.4817391304347827,11.897826111834982,0.3655000368880714,-0.02541681746590374,10.291503811038698,-23.545506565472998,0
PLD,2017,4,4.5805250670729803e-11,0.04876569779595341,56473832.0,71,2.2973684210526315,13.136315847698011,0.3655000368880714,-0.02541681746590374,10.291503811038698,-23.80662238791375,0
PLD,2017,5,4.9084969750263394e-11,0.020767001250698636,47701724.0,68,2.3036363636363637,10.862272782759232,0.3655000368880714,-0.02541681746590374,10.291503811038698,-23.73746824305677,0
PLD,2017,6,4.927127077052564e-11,0.06391965252580056,69533864.0,69,2.186818181818182,10.513636328957297,0.3655000368880714,-0.02541681746590374,10.291503811038698,-23.73367994773196,0
PLD,2017,7,7.739117272968131e-11,0.03700295659676023,45095432.0,66,2.318,10.264499998092651,0.3655000368880714,-0.02541681746590374,10.291503811038698,-23.282148389256907,0
PLD,2017,8,7.345396600410951e-11,0.04193474495900018,40515320.0,64,2.2091304347826086,11.97565215566884,0.3655000368880714,-0.02541681746590374,10.291503811038698,-23.334362218794855,0
PLD,2017,9,5.692782035959547e-11,0.008337272166160759,44021725.0,67,2.202,10.437999963760376,0.3655000368880714,-0.02541681746590374,10.291503811038698,-23.58923696002213,0
PLD,2017,10,4.156465875824381e-11,0.017649667451403284,42725646.0,64,2.3600000000000003,10.125454512509434,0.3655000368880714,-0.02541681746590374,10.291503811038698,-23.903770858813342,0
PLD,2017,11,6.507205943795488e-11,0.025549888642877328,37142626.0,68,2.3533333333333335,10.540476163228353,0.3655000368880714,-0.02541681746590374,10.291503811038698,-23.455525853345808,0
PLD,2017,12,6.190121035797332e-11,-0.01947442960454382,38919649.0,69,2.4025,10.264500045776368,0.3655000368880714,-0.02541681746590374,10.291503811038698,-23.50548138298856,0
PLD,2018,1,7.045672743153914e-11,0.009301083617617278,53666749.0,74,2.583809523809524,11.062381017775763,0.32841080602922657,0.3031296857390715,10.556272632808252,-23.37602238985709,0
PLD,2018,2,7.323856782661547e-11,-0.06803821130400545,63600158.0,72,2.8589473684210525,22.464736637316253,0.32841080602922657,0.3031296857390715,10.556272632808252,-23.33729895083807,0
PLD,2018,3,7.538103508320758e-11,0.045950118539939355,44279884.0,71,2.8423809523809522,19.023809750874836,0.32841080602922657,0.3031296857390715,10.556272632808252,-23.30846539664752,0
PLD,2018,4,6.182632324931015e-11,0.030481991605510128,52435538.0,70,2.869047619047619,18.26761904216948,0.32841080602922657,0.3031296857390715,10.556272632808252,-23.506691899607205,0
PLD,2018,5,2.7264987133826906e-11,-0.008631354389119994,64671993.0,68,2.977727272727273,14.124545487490566,0.32841080602922657,0.3031296857390715,10.556272632808252,-24.32541775944402,0
PLD,2018,6,3.207866630532858e-11,0.028450533489325913,65311578.0,70,2.9123809523809525,13.678095318022228,0.32841080602922657,0.3031296857390715,10.556272632808252,-24.16282990781788,0
PLD,2018,7,4.244284991456658e-11,-0.0010644251293098206,67980226.0,68,2.889047619047619,13.147619065784273,0.32841080602922657,0.3031296857390715,10.556272632808252,-23.88286265282172,0
PLD,2018,8,4.140737803899059e-11,0.02377468222843082,99975716.0,68,2.889130434782609,12.546956518422002,0.32841080602922657,0.3031296857390715,10.556272632808252,-23.90756203747323,0
PLD,2018,9,5.394493722710217e-11,0.016286427912401313,53234661.0,67,3.004210526315789,12.910526325828151,0.32841080602922657,0.3031296857390715,10.556272632808252,-23.64305727057219,0
PLD,2018,10,6.073983708685834e-11,-0.04897319470097283,70561366.0,67,3.152272727272727,19.352173639380414,0.32841080602922657,0.3031296857390715,10.556272632808252,-23.524421338453852,0
PLD,2018,11,4.741467273445356e-11,0.04451629001507729,45396046.0,68,3.117,19.389047622680664,0.32841080602922657,0.3031296857390715,10.556272632808252,-23.772089383768876,0
PLD,2018,12,1.0972502196960468e-10,-0.12120307866896718,60815435.0,60,2.8326315789473684,24.953157726087067,0.32841080602922657,0.3031296857390715,10.556272632808252,-22.93304368013003,0
PLD,2019,1,6.82295889254859e-11,0.17779054977578435,59350820.0,56,2.713809523809524,19.57238079252697,0.34872397853209386,0.04201676603762272,10.59743066625722,-23.408142789954688,0
PLD,2019,2,3.539671283126895e-11,0.013014664244064722,48355068.0,58,2.6763157894736844,15.234736844112998,0.34872397853209386,0.04201676603762272,10.59743066625722,-24.064402157974136,0
PLD,2019,3,4.654492157069918e-11,0.03455994985201527,50264884.0,62,2.570952380952381,14.485238075256348,0.34872397853209386,0.04201676603762272,10.59743066625722,-23.79060321438248,0
PLD,2019,4,5.3545357599952205e-11,0.06560225399712682,46182358.0,62,2.532380952380952,12.949047588166737,0.34872397853209386,0.04201676603762272,10.59743066625722,-23.65049201560418,0
PLD,2019,5,5.7859406527599215e-11,-0.03912763981205414,46692377.0,63,2.395,16.721818056973543,0.34872397853209386,0.04201676603762272,10.59743066625722,-23.57300507347431,0
PLD,2019,6,6.132363898794706e-11,0.09459121971858564,45839062.0,66,2.074,15.835999870300293,0.34872397853209386,0.04201676603762272,10.59743066625722,-23.51485571945959,0
PLD,2019,7,5.4811534250271316e-11,0.006366109606730008,47534681.0,64,2.059090909090909,13.30590907010165,0.34872397853209386,0.04201676603762272,10.59743066625722,-23.62712046510263,0
PLD,2019,8,6.585471485948265e-11,0.03733837681752572,45921833.0,65,1.6263636363636365,18.979090907356955,0.34872397853209386,0.04201676603762272,10.59743066625722,-23.44357009031027,0
PLD,2019,9,4.740907910503105e-11,0.025487454834739243,43866837.0,67,1.6995,15.558999872207641,0.34872397853209386,0.04201676603762272,10.59743066625722,-23.772207363269168,0
PLD,2019,10,3.995096878129402e-11,0.029806898954074512,66141665.0,68,1.7068181818181818,15.466521760691768,0.34872397853209386,0.04201676603762272,10.59743066625722,-23.943368194165632,0
PLD,2019,11,3.0670072787041795e-11,0.04318614185094982,57277561.0,71,1.8121052631578947,12.523499965667725,0.34872397853209386,0.04201676603762272,10.59743066625722,-24.20773376457267,0
PLD,2019,12,2.943634805682287e-11,-0.020429928689349564,52872560.0,71,1.8628571428571428,13.756666637602306,0.34872397853209386,0.04201676603762272,10.59743066625722,-24.248790876745254,0
PLD,2020,1,4.09308807555902e-11,0.041954813894822696,59979403.0,76,1.7576190476190479,13.94095243726458,0.3520988716579977,0.4005099689372338,10.934267100077177,-23.91913630707305,0
PLD,2020,2,3.253728927807686e-11,-0.09259185536890235,105878008.0,75,1.5042105263157897,19.628947358382376,0.3520988716579977,0.4005099689372338,10.934267100077177,-24.148634321907686,0
PLD,2020,3,1.2573876069790684e-10,-0.03928618700039743,141838862.0,74,0.87,57.7368184002963,0.3520988716579977,0.4005099689372338,10.934267100077177,-22.796814689091022,0
PLD,2020,4,8.571038666689547e-11,0.11023996357839794,89182182.0,72,0.6576190476190477,41.45380964733305,0.3520988716579977,0.4005099689372338,10.934267100077177,-23.180047099688586,0
PLD,2020,5,7.487292882363281e-11,0.025437804575607403,60575852.0,30,0.674,30.89700002670288,0.3520988716579977,0.4005099689372338,10.934267100077177,-23.315228721663406,0
PLD,2020,6,6.15294770166182e-11,0.026269693987075682,82982140.0,37,0.7286363636363636,31.11954550309615,0.3520988716579977,0.4005099689372338,10.934267100077177,-23.511504754860926,0
PLD,2020,7,3.968816744838808e-11,0.12954072272437722,70427941.0,58,0.6236363636363637,26.840454621748492,0.3520988716579977,0.4005099689372338,10.934267100077177,-23.94996802181987,0
PLD,2020,8,3.6175070626224426e-11,-0.03377013608019752,48271253.0,72,0.65,22.88952382405599,0.3520988716579977,0.4005099689372338,10.934267100077177,-24.042650891063925,0
PLD,2020,9,6.31494732948492e-11,-0.006556462131634411,53121036.0,78,0.6795238095238095,27.647619065784273,0.3520988716579977,0.4005099689372338,10.934267100077177,-23.48551660770762,0
PLD,2020,10,5.7039318954780923e-11,-0.014111900010302159,47564984.0,83,0.7871428571428571,29.438636086203836,0.3520988716579977,0.4005099689372338,10.934267100077177,-23.58728027967673,0
PLD,2020,11,5.415790206658816e-11,0.00856917957308978,52907692.0,85,0.8700000000000001,24.995500087738037,0.3520988716579977,0.4005099689372338,10.934267100077177,-23.639117223920643,0
PLD,2020,12,4.479230947081989e-11,0.0018462611811376206,63236900.0,90,0.9336363636363636,22.374090974981133,0.3520988716579977,0.4005099689372338,10.934267100077177,-23.82898465484126,0
PLD,2021,1,4.2498669088654274e-11,0.035518315973187775,58477316.0,86,1.0810526315789473,24.90999984741211,0.3546820088561032,0.04318585185179247,10.976546449916825,-23.881548356049596,0
PLD,2021,2,2.5798051619800242e-11,-0.04001821059827382,45860089.0,83,1.2578947368421052,23.140526219418174,0.3546820088561032,0.04318585185179247,10.976546449916825,-24.380722145465043,0
PLD,2021,3,4.337486108401985e-11,0.07654703344379343,74257334.0,84,1.6108695652173912,21.843043534652047,0.3546820088561032,0.04318585185179247,10.976546449916825,-23.86114108034055,0
PLD,2021,4,2.6748225271997256e-11,0.09933964713703691,51664561.0,82,1.635,17.416190556117467,0.3546820088561032,0.04318585185179247,10.976546449916825,-24.344552989759524,0
PLD,2021,5,3.3717439213620184e-11,0.01124121867005079,44771976.0,83,1.621,19.7604998588562,0.3546820088561032,0.04318585185179247,10.976546449916825,-24.113005928335262,0
PLD,2021,6,2.9554675857186125e-11,0.019529817243243874,61207104.0,83,1.5190909090909093,16.956818147139117,0.3546820088561032,0.04318585185179247,10.976546449916825,-24.244779149156578,0
PLD,2021,7,2.7129991880757213e-11,0.07119575380338228,44867140.0,81,1.3185714285714287,17.60333351861863,0.3546820088561032,0.04318585185179247,10.976546449916825,-24.33038128852951,0
PLD,2021,8,3.1038538595930355e-11,0.05170190898495863,46057060.0,80,1.2831818181818182,17.47772723978216,0.3546820088561032,0.04318585185179247,10.976546449916825,-24.195791503038567,0
PLD,2021,9,2.556326668613791e-11,-0.06411565162182986,55909152.0,75,1.3747619047619049,19.8247617994036,0.3546820088561032,0.04318585185179247,10.976546449916825,-24.389864689963545,0
PLD,2021,10,3.726573012593684e-11,0.15570514809549185,47207999.0,76,1.5825,17.869047573634557,0.3546820088561032,0.04318585185179247,10.976546449916825,-24.012946974980256,0
PLD,2021,11,2.8790245808563615e-11,0.039941741835335165,39482218.0,80,1.5595,18.500476246788388,0.3546820088561032,0.04318585185179247,10.976546449916825,-24.270984473356766,0
PLD,2021,12,2.4299894234359502e-11,0.12118428360777678,58533406.0,83,1.4649999999999999,21.354545506564055,0.3546820088561032,0.04318585185179247,10.976546449916825,-24.440549118087013,0
PLD,2022,1,1.9229421864962442e-11,-0.06854264670035715,72398576.0,84,1.764,23.18100004196167,0.3416976906997345,0.5028744890676813,11.383926050259767,-24.67457962100432,0
PLD,2022,2,3.522761894910925e-11,-0.0699533344594685,56076318.0,83,1.9342105263157894,25.74842111687911,0.3416976906997345,0.5028744890676813,11.383926050259767,-24.069190711749034,0
PLD,2022,3,3.192391718115154e-11,0.11274626868023097,65181226.0,81,2.1278260869565218,26.968695682028066,0.3416976906997345,0.5028744890676813,11.383926050259767,-24.16766563216851,0
PLD,2022,4,2.8128833213427186e-11,-0.0073704609687264,65433720.0,79,2.7475,24.37350015640259,0.3416976906997345,0.5028744890676813,11.383926050259767,-24.294225972657912,0
PLD,2022,5,2.8511821927166707e-11,-0.20469075822681448,129678705.0,77,2.8980952380952383,29.445714587257022,0.3416976906997345,0.5028744890676813,11.383926050259767,-24.28070231019954,0
PLD,2022,6,4.1754745131134096e-11,-0.07077350557981732,102503815.0,69,3.1433333333333335,28.100000018165225,0.3416976906997345,0.5028744890676813,11.383926050259767,-23.899208015254473,0
PLD,2022,7,3.077278351432879e-11,0.12673212220228858,61067153.0,67,2.896,24.86850004196167,0.3416976906997345,0.5028744890676813,11.383926050259767,-24.204390468731898,0
PLD,2022,8,4.036012969958817e-11,-0.06072872667574558,52888668.0,55,2.8978260869565218,22.169565366662066,0.3416976906997345,0.5028744890676813,11.383926050259767,-23.933178706880707,0
PLD,2022,9,3.479183959945485e-11,-0.17867861825466502,112783746.0,49,3.5190476190476194,27.406190418061755,0.3416976906997345,0.5028744890676813,11.383926050259767,-24.08163825091474,0
PLD,2022,10,3.470226987792893e-11,0.0900570410045578,108769300.0,46,3.9835000000000003,30.005714416503906,0.3416976906997345,0.5028744890676813,11.383926050259767,-24.084216016765623,0
PLD,2022,11,4.460245458548751e-11,0.06356627248667945,75692803.0,38,3.8909999999999996,23.436190650576638,0.3416976906997345,0.5028744890676813,11.383926050259767,-23.83323222286788,0
PLD,2022,12,3.3646025646991977e-11,-0.03621896617159903,73572199.0,33,3.616190476190476,21.784285681588308,0.3416976906997345,0.5028744890676813,11.383926050259767,-24.115126175372108,0
PLD,2023,1,4.046981807767323e-11,0.1468101364020038,59718867.0,31,3.5315,20.202999973297118,0.378378866499163,0.05828829069076025,11.440578833053376,-23.930464652289988,0
PLD,2023,2,3.268493610590861e-11,-0.04548106324190726,49501247.0,35,3.7468421052631578,20.06210537960655,0.378378866499163,0.05828829069076025,11.440578833053376,-24.144106813710234,0
PLD,2023,3,4.410762896307444e-11,0.018427726784721044,79654167.0,42,3.6630434782608696,21.644347895746645,0.378378866499163,0.05828829069076025,11.440578833053376,-23.844388356077236,0
PLD,2023,4,3.19690277758408e-11,0.00384660827544403,54875727.0,44,3.46,17.8178946344476,0.378378866499163,0.05828829069076025,11.440578833053376,-24.16625356383404,0
PLD,2023,5,3.7283634684760645e-11,-0.005585150900521696,66593850.0,45,3.5736363636363637,17.64409099925648,0.378378866499163,0.05828829069076025,11.440578833053376,-24.01246663395486,0
PLD,2023,6,3.2082101876573304e-11,-0.008378118438774007,71229309.0,50,3.7480952380952384,13.994285628909157,0.378378866499163,0.05828829069076025,11.440578833053376,-24.16272281523326,0
PLD,2023,7,3.1015650154349094e-11,0.017286337803744445,58887294.0,55,3.8994999999999997,13.943999910354615,0.378378866499163,0.05828829069076025,11.440578833053376,-24.196529195145423,0
PLD,2023,8,3.7911292938038296e-11,-0.0044092913907733955,44348385.0,56,4.167826086956522,15.853912975477135,0.378378866499163,0.05828829069076025,11.440578833053376,-23.99577208152057,0
PLD,2023,9,2.979333151588129e-11,-0.09015874986451344,54388797.0,50,4.379,15.241000032424926,0.378378866499163,0.05828829069076025,11.440578833053376,-24.236736522093324,0
PLD,2023,10,4.0147917511032083e-11,-0.10212997473818208,78123387.0,44,4.798095238095239,18.887727303938433,0.378378866499163,0.05828829069076025,11.440578833053376,-23.938450544601203,0
PLD,2023,11,3.2975809324873806e-11,0.14074370560561578,72987052.0,40,4.502857142857143,14.077142897106352,0.378378866499163,0.05828829069076025,11.440578833053376,-24.135246874036554,0
PLD,2023,12,2.91071289455418e-11,0.16735373437926615,81373879.0,34,4.0200000000000005,12.718499994277954,0.378378866499163,0.05828829069076025,11.440578833053376,-24.26003799080758,0
PLD,2024,1,2.3744413359970677e-11,-0.04958722962887385,65730184.0,37,4.058095238095238,13.395238149733771,0.3851102397489937,0.024812386127667674,11.465088390966036,-24.4636738400667,0
PLD,2024,2,2.0179233361446674e-11,0.05193792949869702,67079871.0,44,4.2075000000000005,13.944000101089477,0.3851102397489937,0.024812386127667674,11.465088390966036,-24.62636709174223,0
PLD,2024,3,2.6301293544285188e-11,-0.015615982823830254,58492460.0,48,4.2085,13.787499904632568,0.3851102397489937,0.024812386127667674,11.465088390966036,-24.36140299376098,0
PLD,2024,4,2.8804570803068138e-11,-0.2163270872584958,99324590.0,51,4.539090909090909,16.137727087194268,0.3851102397489937,0.024812386127667674,11.465088390966036,-24.270487032939634,0
PLD,2024,5,2.9356104661068065e-11,0.08270441058666878,96072722.0,51,4.482272727272727,13.090454535050826,0.3851102397489937,0.024812386127667674,11.465088390966036,-24.251520596016086,0
PLD,2024,6,2.0912722459196977e-11,0.025240492150657934,80316559.0,45,4.3052631578947365,12.676842037000155,0.3851102397489937,0.024812386127667674,11.465088390966036,-24.59066341205368,0
PLD,2024,7,2.529368376143459e-11,0.12234085722417665,79238603.0,43,4.248636363636364,14.470000050284646,0.3851102397489937,0.024812386127667674,11.465088390966036,-24.400466405061984,0
PLD,2024,8,3.545744849794688e-11,0.014041254834405548,64307796.0,41,3.8709090909090906,19.31227272207087,0.3851102397489937,0.024812386127667674,11.465088390966036,-24.062687772243947,0
PLD,2024,9,1.6617279470860983e-11,-0.004711363132463453,74398194.0,39,3.7235,17.768999814987183,0.3851102397489937,0.024812386127667674,11.465088390966036,-24.820578029980496,0
PLD,2024,10,3.007513533985087e-11,-0.10563745915857503,85923727.0,41,4.095454545454545,19.96086958180303,0.3851102397489937,0.024812386127667674,11.465088390966036,-24.227322353999764,0
PLD,2024,11,2.7988918256256897e-11,0.03399940979934324,72842221.0,43,4.35578947368421,16.121000051498413,0.3851102397489937,0.024812386127667674,11.465088390966036,-24.299212460655813,0
PLD,2024,12,2.7947133050448088e-11,-0.08689715421300814,94026307.0,46,4.3914285714285715,15.866190592447916,0.3851102397489937,0.024812386127667674,11.465088390966036,-24.300706495812218,0
UDR,2000,8,2.9669742049712672e-09,-0.059784362162615734,5240100.0,59,5.826086956521739,18.08869569197945,0.6215303201516406,-0.06354117609739085,8.147275809295024,-19.635723189652172,1
UDR,2000,9,3.844223017622174e-09,0.005777336211450823,4565600.0,60,5.799,19.6875,0.6215303201516406,-0.06354117609739085,8.147275809295024,-19.376694330449965,1
UDR,2000,10,4.878790593186476e-09,-0.009589076320192125,4777400.0,60,5.738571428571428,25.200000069358133,0.6215303201516406,-0.06354117609739085,8.147275809295024,-19.138368477061167,1
UDR,2000,11,2.944114661175332e-09,-0.10119209735974755,10750599.0,62,5.717142857142857,26.382857095627557,0.6215303201516406,-0.06354117609739085,8.147275809295024,-19.643457689428114,1
UDR,2000,12,2.9674215946527974e-09,0.1456952568130454,6667500.0,63,5.2405,26.530499839782713,0.6215303201516406,-0.06354117609739085,8.147275809295024,-19.635572411140767,1
UDR,2001,1,4.271369737697319e-09,0.044115963964777904,6357300.0,57,5.160952380952381,24.91857147216797,0.6659618869379595,-0.03065064214754265,8.116145611646198,-19.271331279483178,1
UDR,2001,2,4.8400336569127705e-09,0.09437321943944266,6181500.0,52,5.098947368421053,23.411579132080078,0.6659618869379595,-0.03065064214754265,8.116145611646198,-19.14634416233445,1
UDR,2001,3,2.6706862627286007e-09,0.053069140910752655,6015600.0,58,4.885454545454546,28.496818369085137,0.6659618869379595,-0.03065064214754265,8.116145611646198,-19.740930370320918,1
UDR,2001,4,4.861449754552811e-09,0.02771046575796232,7253300.0,60,5.141,28.13399991989136,0.6659618869379595,-0.03065064214754265,8.116145611646198,-19.141929140111696,1
UDR,2001,5,2.3999828707933555e-09,0.03053618440601724,5774200.0,59,5.391363636363637,22.944090929898348,0.6659618869379595,-0.03065064214754265,8.116145611646198,-19.847804236787415,1
UDR,2001,6,2.9163754405913557e-09,0.09042641134769003,5672900.0,58,5.284285714285714,20.94047619047619,0.6659618869379595,-0.03065064214754265,8.116145611646198,-19.652924279170342,1
UDR,2001,7,2.249406885690422e-09,-0.005261582533010678,9351300.0,59,5.236190476190477,22.31619053795224,0.6659618869379595,-0.03065064214754265,8.116145611646198,-19.912599261840157,1
UDR,2001,8,1.4241171144771903e-09,0.03571148153145365,5668100.0,57,4.971304347826087,21.86173903423807,0.6659618869379595,-0.03065064214754265,8.116145611646198,-20.36971378402579,1
UDR,2001,9,1.3201565065669758e-09,-0.015173441256054687,6078500.0,59,4.731764705882353,35.065333429972334,0.6659618869379595,-0.03065064214754265,8.116145611646198,-20.445515541795434,1
UDR,2001,10,1.7573337320937855e-09,0.019743576840658195,12780100.0,55,4.566818181818181,32.721304603244945,0.6659618869379595,-0.03065064214754265,8.116145611646198,-20.159468101502096,1
UDR,2001,11,2.41727505902339e-09,0.0069975485155688855,5365400.0,46,4.6515,26.63095238095238,0.6659618869379595,-0.03065064214754265,8.116145611646198,-19.840624939869887,1
UDR,2001,12,2.1352444543958954e-09,0.0006942468512769473,5711000.0,48,5.0875,23.720000076293946,0.6659618869379595,-0.03065064214754265,8.116145611646198,-19.964684698274194,1
UDR,2002,1,6.592364444801207e-10,0.014728439876222188,12787200.0,55,5.035714285714286,22.252857208251953,0.6732470813177475,-0.021491351340211406,8.09441995815279,-21.139938852938982,1
UDR,2002,2,1.418914246863247e-09,-0.016736071200667557,6805700.0,58,4.911578947368421,22.875789843107526,0.6732470813177475,-0.021491351340211406,8.09441995815279,-20.373373872685335,1
UDR,2002,3,1.5572410771173487e-09,0.12340466013983398,7016000.0,58,5.284000000000001,18.98499994277954,0.6732470813177475,-0.021491351340211406,8.09441995815279,-20.28035012170806,1
UDR,2002,4,2.1278608077017153e-09,0.07214324452995413,11095400.0,62,5.210909090909091,19.900454607876863,0.6732470813177475,-0.021491351340211406,8.09441995815279,-19.968148677520944,1
UDR,2002,5,1.4443537647273298e-09,-0.050899751956162365,8811300.0,61,5.164545454545455,20.08772711320357,0.6732470813177475,-0.021491351340211406,8.09441995815279,-20.355603837057426,1
UDR,2002,6,1.6950944129851408e-09,-0.006309584726259199,8110200.0,61,4.9265,25.270999908447266,0.6732470813177475,-0.021491351340211406,8.09441995815279,-20.195527396789046,1
UDR,2002,7,1.5694875741463926e-09,0.04772797133899709,15140500.0,61,4.653181818181818,34.049544941295274,0.6732470813177475,-0.021491351340211406,8.09441995815279,-20.27251665675568,1
UDR,2002,8,3.2007543757196722e-09,0.025306982227149444,5908200.0,61,4.257272727272727,33.742727366360754,0.6732470813177475,-0.021491351340211406,8.09441995815279,-19.55987931251121,1
UDR,2002,9,1.9058567499024577e-09,-0.042146235043010294,5339700.0,55,3.87,37.6475004196167,0.6732470813177475,-0.021491351340211406,8.09441995815279,-20.078334191987732,1
UDR,2002,10,2.566848832115427e-09,-0.07498004778803247,11360700.0,63,3.940909090909091,35.243043484895125,0.6732470813177475,-0.021491351340211406,8.09441995815279,-19.780586825721922,1
UDR,2002,11,2.3242618648539037e-09,0.07553607820282338,6043100.0,61,4.048421052631579,28.174999713897705,0.6732470813177475,-0.021491351340211406,8.09441995815279,-19.879863325795927,1
UDR,2002,12,1.6624593580192733e-09,0.05412383333013726,8148300.0,62,4.032380952380952,28.21047628493536,0.6732470813177475,-0.021491351340211406,8.09441995815279,-20.214967790001552,1
UDR,2003,1,1.2782753726857e-09,-0.005504839107618897,18191400.0,63,4.048571428571428,27.424285707019624,0.6450991253915815,0.08165320365210715,8.172910573016686,-20.47775403261668,1
UDR,2003,2,2.0769105321050147e-09,-0.026266882557963833,6059000.0,62,3.9026315789473687,32.218421032554225,0.6450991253915815,0.08165320365210715,8.172910573016686,-19.992384368519446,1
UDR,2003,3,2.207831352178844e-09,0.026330680416539298,6298200.0,63,3.8071428571428574,30.634285699753534,0.6450991253915815,0.08165320365210715,8.172910573016686,-19.931255091802473,1
UDR,2003,4,1.8757668944647793e-09,0.06254573883087433,8117600.0,56,3.958571428571428,23.991904758271716,0.6450991253915815,0.08165320365210715,8.172910573016686,-20.094248250764768,1
UDR,2003,5,1.0311282181839e-09,0.024564569195127506,8905900.0,55,3.5690476190476192,20.23952375139509,0.6450991253915815,0.08165320365210715,8.172910573016686,-20.69261227671104,1
UDR,2003,6,1.175023206166115e-09,0.007016173516548818,8464100.0,60,3.334285714285714,20.362380799793062,0.6450991253915815,0.08165320365210715,8.172910573016686,-20.561977939616707,1
UDR,2003,7,2.32146309447944e-09,0.06368306326357365,7612200.0,63,3.975454545454546,19.16136360168457,0.6450991253915815,0.08165320365210715,8.172910573016686,-19.88106820586849,1
UDR,2003,8,1.1073933910162185e-09,0.01608484915516417,8245400.0,65,4.4452380952380945,19.27428572518485,0.6450991253915815,0.08165320365210715,8.172910573016686,-20.621256879576077,1
UDR,2003,9,1.0571555909480475e-09,-0.0005449141358188081,8907000.0,67,4.274285714285715,19.53238096691313,0.6450991253915815,0.08165320365210715,8.172910573016686,-20.66768394037275,1
UDR,2003,10,1.0313500725007544e-09,-0.032141988748622174,9383900.0,67,4.290454545454545,18.0234783006751,0.6450991253915815,0.08165320365210715,8.172910573016686,-20.692397142987,1
UDR,2003,11,1.0032248678103993e-09,0.057306951597514644,6627860.0,69,4.300000000000001,17.401052575362357,0.6450991253915815,0.08165320365210715,8.172910573016686,-20.72004615786988,1
UDR,2003,12,1.3066040185157106e-09,0.04065141435507069,7688900.0,68,4.267727272727273,16.826363650235262,0.6450991253915815,0.08165320365210715,8.172910573016686,-20.455834417975037,1
UDR,2004,1,8.833321165904982e-10,-0.021599479275810074,9365400.0,69,4.1505,16.100999975204466,0.7047452205112602,0.22247105591618577,8.373784838961113,-20.847319863062058,1
UDR,2004,2,9.821053453925157e-10,0.020000305450134315,7971700.0,68,4.084210526315789,15.998421167072497,0.7047452205112602,0.22247105591618577,8.373784838961113,-20.741322536960656,1
UDR,2004,3,1.1245849437600954e-09,0.03974714265392487,11305500.0,66,3.826521739130435,17.687391198199727,0.7047452205112602,0.22247105591618577,8.373784838961113,-20.605851808244637,1
UDR,2004,4,1.097851602201629e-09,-0.0698438566907742,18634300.0,66,4.347619047619047,15.6985715230306,0.7047452205112602,0.22247105591618577,8.373784838961113,-20.629910655814868,1
UDR,2004,5,1.3434608899109082e-09,0.11086281581153301,12360600.0,69,4.7155000000000005,17.704999876022338,0.7047452205112602,0.22247105591618577,8.373784838961113,-20.42801679889523,1
UDR,2004,6,7.897356783695146e-10,-0.008021347451336203,12587600.0,69,4.733809523809524,15.35714290255592,0.7047452205112602,0.22247105591618577,8.373784838961113,-20.959322810795697,1
UDR,2004,7,8.16448113091852e-10,-0.005003424617905927,10298500.0,68,4.498095238095239,15.502380916050502,0.7047452205112602,0.22247105591618577,8.373784838961113,-20.926057753495826,1
UDR,2004,8,1.0993722053638349e-09,0.09489275395723573,9965000.0,67,4.281363636363636,16.684090744365346,0.7047452205112602,0.22247105591618577,8.373784838961113,-20.62852654246262,1
UDR,2004,9,6.890057125337007e-10,-0.0659449889689172,14212400.0,70,4.1257142857142854,14.08095241728283,0.7047452205112602,0.22247105591618577,8.373784838961113,-21.095771553898896,1
UDR,2004,10,8.563482343439602e-10,0.07889461480214388,12796300.0,67,4.0969999999999995,14.973809560139975,0.7047452205112602,0.22247105591618577,8.373784838961113,-20.878344006691545,1
UDR,2004,11,8.976062441681095e-10,0.09060817929746201,10940300.0,69,4.194,13.577142897106352,0.7047452205112602,0.22247105591618577,8.373784838961113,-20.83128962466904,1
UDR,2004,12,9.467948895290686e-10,0.07872871963145878,9133700.0,70,4.2309090909090905,12.459545438939875,0.7047452205112602,0.22247105591618577,8.373784838961113,-20.777938635927846,1
UDR,2005,1,9.556527743288595e-10,-0.0922962327811383,11581300.0,71,4.221500000000001,13.43799991607666,0.7376376526914675,0.04838226029957049,8.4210331105483,-20.768626475621677,1
UDR,2005,2,7.029360389220677e-10,-0.00540013024437358,13046800.0,70,4.165263157894737,11.708947482861971,0.7376376526914675,0.04838226029957049,8.4210331105483,-21.075755211298247,1
UDR,2005,3,1.1286141767490235e-09,-0.05565723061833838,11638500.0,69,4.497727272727273,13.126363667574795,0.7376376526914675,0.04838226029957049,8.4210331105483,-20.60227534911406,1
UDR,2005,4,7.476753438177568e-10,0.07641620606948152,12318700.0,70,4.3409523809523805,14.459047589983259,0.7376376526914675,0.04838226029957049,8.4210331105483,-21.014052264502567,1
UDR,2005,5,7.12944721599449e-10,0.040631145505949595,12425300.0,67,4.144285714285714,13.967618987673806,0.7376376526914675,0.04838226029957049,8.4210331105483,-21.06161722783334,1
UDR,2005,6,4.694083150415378e-10,0.04338404703735366,13507400.0,70,3.998181818181818,11.868636348030783,0.7376376526914675,0.04838226029957049,8.4210331105483,-21.479548118476917,1
UDR,2005,7,5.941855742713393e-10,0.07116818794931357,12667600.0,72,4.1775,11.049000024795532,0.7376376526914675,0.04838226029957049,8.4210331105483,-21.243829430758968,1
UDR,2005,8,8.044193064362938e-10,-0.06955017395020269,13005300.0,70,4.262608695652174,12.951304394265879,0.7376376526914675,0.04838226029957049,8.4210331105483,-20.940900457278424,1
UDR,2005,9,6.355021670738647e-10,0.0008459680685648507,10824100.0,67,4.199047619047619,12.628095263526554,0.7376376526914675,0.04838226029957049,8.4210331105483,-21.176605615275168,1
UDR,2005,10,6.742215883648543e-10,-0.05297100038029878,21045500.0,65,4.4635,14.937618982224237,0.7376376526914675,0.04838226029957049,8.4210331105483,-21.117462292928018,1
UDR,2005,11,5.148060759109405e-10,0.011751947031984677,14017100.0,68,4.535,12.147619111197335,0.7376376526914675,0.04838226029957049,8.4210331105483,-21.387230837807422,1
UDR,2005,12,3.2494621377555995e-10,0.04689819995449085,19187800.0,61,4.467142857142857,11.260000001816522,0.7376376526914675,0.04838226029957049,8.4210331105483,-21.847361443369998,1
UDR,2006,1,3.3362041097993347e-10,0.09712721128818513,19356500.0,57,4.416,12.03600001335144,0.7553210896356296,0.029567158483818412,8.45017158998486,-21.821017263323014,1
UDR,2006,2,4.578082867035912e-10,0.052736298983703245,15064400.0,57,4.568947368421052,12.47105262154027,0.7553210896356296,0.029567158483818412,8.45017158998486,-21.504570607430193,1
UDR,2006,3,6.240139823525011e-10,0.06691662317167646,14394500.0,56,4.7239130434782615,11.693913003672725,0.7553210896356296,0.029567158483818412,8.45017158998486,-21.19484834019398,1
UDR,2006,4,4.286990027076792e-10,-0.03640292876079898,15967800.0,54,4.990526315789474,11.847368441129985,0.7553210896356296,0.029567158483818412,8.45017158998486,-21.57026606864484,1
UDR,2006,5,4.6114369666869243e-10,-0.0066221514996124275,23177400.0,51,5.11,14.454545411196621,0.7553210896356296,0.029567158483818412,8.45017158998486,-21.49731141506258,1
UDR,2006,6,5.695286379150464e-10,0.03702365805281893,15340200.0,46,5.106363636363636,16.91863627867265,0.7553210896356296,0.029567158483818412,8.45017158998486,-21.286212048238806,1
UDR,2006,7,7.29517413354838e-10,0.005383591509912078,9502500.0,42,5.0875,15.325999879837036,0.7553210896356296,0.029567158483818412,8.45017158998486,-21.038637877990368,1
UDR,2006,8,3.8442588760335417e-10,0.09551086879467174,19071600.0,39,4.8765217391304345,13.351739137069039,0.7553210896356296,0.029567158483818412,8.45017158998486,-21.679270095617824,1
UDR,2006,9,4.401414566716414e-10,-0.010159172117112814,11270700.0,33,4.718999999999999,12.184499979019165,0.7553210896356296,0.029567158483818412,8.45017158998486,-21.54392494824831,1
UDR,2006,10,2.963672642006917e-10,0.08264459816589587,17931600.0,30,4.729047619047619,11.306363625959916,0.7553210896356296,0.029567158483818412,8.45017158998486,-21.93942167327311,1
UDR,2006,11,3.431418942736949e-10,0.03738134003856275,24696100.0,31,4.595238095238095,10.817619051252093,0.7553210896356296,0.029567158483818412,8.45017158998486,-21.7928770683779,1
UDR,2006,12,3.1354486070596347e-10,-0.053305568588392194,18556100.0,33,4.5645,10.964500045776367,0.7553210896356296,0.029567158483818412,8.45017158998486,-21.88307866974212,1
UDR,2007,1,2.295466540372439e-10,0.04172648891039099,23612300.0,33,4.7595238095238095,11.042500066757203,0.7747521880827415,0.026785574892399744,8.476604711296039,-22.194914821522325,1
UDR,2007,2,1.8172483633066666e-10,-0.004270838663606891,25913902.0,35,4.722631578947369,11.155263097662674,0.7747521880827415,0.026785574892399744,8.476604711296039,-22.428527461201167,1
UDR,2007,3,2.740043542946825e-10,-0.0621728529585297,31378315.0,39,4.5645454545454545,15.162727269259365,0.7747521880827415,0.026785574892399744,8.476604711296039,-22.017877118080314,1
UDR,2007,4,2.6147407869953524e-10,-0.008218230114334424,18494419.0,36,4.6938095238095245,12.93299994468689,0.7747521880827415,0.026785574892399744,8.476604711296039,-22.06468596276881,1
UDR,2007,5,2.690619807398439e-10,0.01065040006912743,32027021.0,33,4.746363636363636,13.297727324745871,0.7747521880827415,0.026785574892399744,8.476604711296039,-22.03607935119512,1
UDR,2007,6,2.956871484080472e-10,-0.133727309324564,33613153.0,30,5.102857142857142,14.947618938627697,0.7747521880827415,0.026785574892399744,8.476604711296039,-21.941719151603888,1
UDR,2007,7,3.5404995823824536e-10,-0.11114970038798433,30214243.0,28,5.0042857142857144,17.273333277021134,0.7747521880827415,0.026785574892399744,8.476604711296039,-21.76158308778517,1
UDR,2007,8,4.6137967838724315e-10,0.0874834162474285,43327390.0,24,4.674782608695652,25.026086724322774,0.7747521880827415,0.026785574892399744,8.476604711296039,-21.496799814532817,1
UDR,2007,9,5.354076073084332e-10,-0.03146171806419018,20070423.0,22,4.521578947368421,22.19894740456029,0.7747521880827415,0.026785574892399744,8.476604711296039,-21.347992776298426,1
UDR,2007,10,6.563171625625522e-10,-0.011211430255227972,20998000.0,20,4.527727272727272,19.115652084350586,0.7747521880827415,0.026785574892399744,8.476604711296039,-21.144376964306936,1
UDR,2007,11,6.612501384038035e-10,-0.07203078348465541,37536452.0,19,4.1485,25.582380930582683,0.7747521880827415,0.026785574892399744,8.476604711296039,-21.136888923449742,1
UDR,2007,12,9.626289150448099e-10,-0.09895725595939553,26424900.0,19,4.0975,21.651000022888184,0.7747521880827415,0.026785574892399744,8.476604711296039,-20.76135312102657,1
UDR,2008,1,3.109398725592244e-10,0.16985209781940847,55187600.0,18,3.744285714285714,25.816190719604492,0.6796350131553497,0.07147789026771045,8.54564361264013,-21.891421558263524,1
UDR,2008,2,3.9870103316152733e-10,-0.021024251848847597,40658800.0,19,3.7375,25.456000137329102,0.6796350131553497,0.07147789026771045,8.54564361264013,-21.64280927021897,1
UDR,2008,3,3.2609781950595924e-10,0.09709072006869213,48172300.0,20,3.5100000000000002,27.103500080108642,0.6796350131553497,0.07147789026771045,8.54564361264013,-21.84382371973656,1
UDR,2008,4,4.5841875594852195e-10,0.045048741068553166,31299800.0,20,3.675,21.562727321277965,0.6796350131553497,0.07147789026771045,8.54564361264013,-21.503238035246994,1
UDR,2008,5,3.506256298532547e-10,-0.021360008094988947,29582400.0,20,3.8800000000000003,18.303333009992325,0.6796350131553497,0.07147789026771045,8.54564361264013,-21.771302043280283,1
UDR,2008,6,4.5710411623000747e-10,-0.09539188341626004,34388500.0,19,4.099523809523809,22.11047617594401,0.6796350131553497,0.07147789026771045,8.54564361264013,-21.506109925534027,1
UDR,2008,7,5.129290868106932e-10,0.1581212501214766,43579300.0,18,4.007727272727273,24.32136362249201,0.6796350131553497,0.07147789026771045,8.54564361264013,-21.39088351265058,1
UDR,2008,8,4.023930428115186e-10,-0.02975835012999828,35949700.0,16,3.8857142857142852,20.695714133126394,0.6796350131553497,0.07147789026771045,8.54564361264013,-21.633591786528267,1
UDR,2008,9,1.012050515519215e-09,0.055286483937450503,47174800.0,16,3.6861904761904762,30.238571348644438,0.6796350131553497,0.07147789026771045,8.54564361264013,-20.71128735080596,1
UDR,2008,10,9.382683938785731e-10,-0.22898618890834133,81560200.0,17,3.814090909090909,61.1773912181025,0.6796350131553497,0.07147789026771045,8.54564361264013,-20.786985073652,1
UDR,2008,11,1.0655715330477454e-09,-0.23431231807828046,81070600.0,14,3.526666666666667,62.639473362972865,0.6796350131553497,0.07147789026771045,8.54564361264013,-20.659754530981484,1
UDR,2008,12,1.3126146202936882e-09,0.10359633867461104,102575000.0,9,2.4163636363636365,52.405000166459516,0.6796350131553497,0.07147789026771045,8.54564361264013,-20.45124479552822,1
UDR,2009,1,1.1720488575353785e-09,-0.14938382364277303,80050800.0,9,2.5175,44.68300018310547,0.7081917470171649,-0.002270087543579824,8.543370944541692,-20.564512459343607,1
UDR,2009,2,1.0168530547541223e-09,-0.3256601402687531,91744000.0,8,2.87,45.57052592227333,0.7081917470171649,-0.002270087543579824,8.543370944541692,-20.706553219253518,1
UDR,2009,3,1.554548552968284e-09,0.0884929998731887,126016500.0,9,2.819545454545455,44.7954548922452,0.7081917470171649,-0.002270087543579824,8.543370944541692,-20.28208065310066,1
UDR,2009,4,1.0078324850967948e-09,0.21355461999524117,123479600.0,9,2.927142857142857,38.063809349423366,0.7081917470171649,-0.002270087543579824,8.543370944541692,-20.715463866527408,1
UDR,2009,5,1.0143712217557923e-09,0.09235580687683465,102995000.0,14,3.293,31.97799997329712,0.7081917470171649,-0.002270087543579824,8.543370944541692,-20.708996902368252,1
UDR,2009,6,7.01126281612674e-10,-0.06091060545327598,65856200.0,16,3.7218181818181817,29.140454725785688,0.7081917470171649,-0.002270087543579824,8.543370944541692,-21.078333100164226,1
UDR,2009,7,7.225642583456315e-10,0.030946522311466884,69962700.0,15,3.5622727272727275,26.16272735595703,0.7081917470171649,-0.002270087543579824,8.543370944541692,-21.0482147610101,1
UDR,2009,8,5.181433728634651e-10,0.22392459563943712,74959600.0,17,3.587142857142857,25.33714285350981,0.7081917470171649,-0.002270087543579824,8.543370944541692,-21.380769130376322,1
UDR,2009,9,5.490424534817605e-10,0.23064911567667812,69922400.0,18,3.401904761904762,24.926666713896253,0.7081917470171649,-0.002270087543579824,8.543370944541692,-21.322845348662355,1
UDR,2009,10,4.430326194117209e-10,-0.07580215100290921,70988300.0,19,3.3876190476190478,24.252272865988992,0.7081917470171649,-0.002270087543579824,8.543370944541692,-21.53737771561062,1
UDR,2009,11,6.355912176199182e-10,0.04103135820949433,48494400.0,17,3.4026315789473687,23.783499908447265,0.7081917470171649,-0.002270087543579824,8.543370944541692,-21.17646549882539,1
UDR,2009,12,5.476635921838199e-10,0.09819698663251741,38965500.0,17,3.5900000000000003,21.239545475352894,0.7081917470171649,-0.002270087543579824,8.543370944541692,-21.325359900360016,1
UDR,2010,1,4.963691571969676e-10,-0.04279344920494754,35191400.0,16,3.7331578947368427,20.643157758210833,0.6873000285738055,0.0773334538696342,8.617859908416369,-21.42370119749183,1
UDR,2010,2,4.4185954077994904e-10,0.0796905685996947,47119800.0,15,3.691052631578947,22.540000012046413,0.6873000285738055,0.0773334538696342,8.617859908416369,-21.540029065394783,1
UDR,2010,3,2.473415995027541e-10,0.05000140657120733,42588900.0,17,3.7273913043478264,17.767391287762187,0.6873000285738055,0.0773334538696342,8.617859908416369,-22.12025074081759,1
UDR,2010,4,3.9948565193144687e-10,0.16266002145844327,58781700.0,15,3.8468181818181817,17.42428566160656,0.6873000285738055,0.0773334538696342,8.617859908416369,-21.640843266432395,1
UDR,2010,5,4.025625644085874e-10,0.0009851882476974438,60918300.0,19,3.4200000000000004,31.929500007629393,0.6873000285738055,0.0773334538696342,8.617859908416369,-21.63317059162496,1
UDR,2010,6,3.436585034266891e-10,-0.059026416460586595,66889000.0,22,3.2040909090909087,29.91636371612549,0.6873000285738055,0.0773334538696342,8.617859908416369,-21.791372674227414,1
UDR,2010,7,4.724976319073953e-10,0.11363670877867627,48305300.0,16,3.0114285714285716,25.565237862723215,0.6873000285738055,0.0773334538696342,8.617859908416369,-21.47298838084351,1
UDR,2010,8,3.8211286360445e-10,-0.02510655849559673,35629800.0,14,2.6986363636363637,24.745908997275613,0.6873000285738055,0.0773334538696342,8.617859908416369,-21.685305096498137,1
UDR,2010,9,3.436228066002876e-10,0.02623924037841574,54530500.0,13,2.6476190476190475,22.51761899675642,0.6873000285738055,0.0773334538696342,8.617859908416369,-21.79147655258381,1
UDR,2010,10,1.8637080390667652e-10,0.0733981614705912,41093300.0,13,2.54,20.3733332497733,0.6873000285738055,0.0773334538696342,8.617859908416369,-22.403282857346987,1
UDR,2010,11,2.881531587884361e-10,-0.008006961213398944,44372700.0,15,2.763,20.095714387439546,0.6873000285738055,0.0773334538696342,8.617859908416369,-21.96752897580009,1
UDR,2010,12,2.7671057858723783e-10,0.054709483302288975,30800900.0,16,3.290909090909091,17.569545529105447,0.6873000285738055,0.0773334538696342,8.617859908416369,-22.008048998615152,1
UDR,2011,1,2.3338068066261267e-10,0.006366873898591363,39443400.0,16,3.3939999999999997,17.31549987792969,0.6198297247846193,0.21553583119029796,8.813044901316433,-22.178350173012667,1
UDR,2011,2,2.4728885071151716e-10,0.03577646935933387,29321800.0,16,3.5763157894736843,17.4299999036287,0.6198297247846193,0.21553583119029796,8.813044901316433,-22.120464026479294,1
UDR,2011,3,2.9352475780289124e-10,0.0020550110870882765,33729700.0,16,3.4143478260869564,20.72347815140434,0.6198297247846193,0.21553583119029796,8.813044901316433,-21.949059126545425,1
UDR,2011,4,2.681789158407589e-10,0.07061986143509613,27464700.0,17,3.4549999999999996,16.244000005722047,0.6198297247846193,0.21553583119029796,8.813044901316433,-22.03936676174031,1
UDR,2011,5,1.828797312061746e-10,0.006568806727605958,34681700.0,16,3.168571428571429,16.911428587777273,0.6198297247846193,0.21553583119029796,8.813044901316433,-22.42219238566564,1
UDR,2011,6,2.2402303873166348e-10,-0.05794441048083321,44657200.0,16,3.002272727272727,19.15318202972412,0.6198297247846193,0.21553583119029796,8.813044901316433,-22.21927221788172,1
UDR,2011,7,1.6951296151238916e-10,0.0800352706394023,67174800.0,13,3.003,19.22749991416931,0.6198297247846193,0.21553583119029796,8.813044901316433,-22.498091722932013,1
UDR,2011,8,3.13790193418916e-10,0.01520444100041396,89206000.0,15,2.3030434782608693,35.02913035517154,0.6198297247846193,0.21553583119029796,8.813044901316433,-21.88229652717302,1
UDR,2011,9,2.698635876994518e-10,-0.17109766580391284,57556700.0,15,1.975238095238095,36.52999977838425,0.6198297247846193,0.21553583119029796,8.813044901316433,-22.033104515345002,1
UDR,2011,10,4.867568916892363e-10,0.13605129799083837,54673400.0,14,2.152,32.82904770260765,0.6198297247846193,0.21553583119029796,8.813044901316433,-21.443256313195604,1
UDR,2011,11,3.9074330916891804e-10,-0.057359197215551605,41143500.0,17,2.0134999999999996,31.941904703776043,0.6198297247846193,0.21553583119029796,8.813044901316433,-21.66297026982176,1
UDR,2011,12,3.278165038803062e-10,0.0680847532413984,35372000.0,19,1.9780952380952381,25.047619047619047,0.6198297247846193,0.21553583119029796,8.813044901316433,-21.83856710347832,1
UDR,2012,1,1.967826627646163e-10,0.045793625542805305,42165600.0,21,1.9665,20.227999877929687,0.5329540833872758,0.024869245095556547,8.837609940009168,-22.3489212308993,1
UDR,2012,2,2.0018924863026653e-10,-0.03843343729382509,39477300.0,25,1.9675,18.420499992370605,0.5329540833872758,0.024869245095556547,8.837609940009168,-22.331757953635016,1
UDR,2012,3,1.924208981053898e-10,0.06754738158939899,45241600.0,28,2.1727272727272724,16.16727287119085,0.5329540833872758,0.024869245095556547,8.837609940009168,-22.37133596558407,1
UDR,2012,4,1.5267185326396908e-10,-0.0060618664171471215,41008500.0,28,2.052857142857143,17.822999906539916,0.5329540833872758,0.024869245095556547,8.837609940009168,-22.602730247714778,1
UDR,2012,5,1.0357796934653822e-10,-0.01633335422251392,89724600.0,24,1.8031818181818182,21.001818136735395,0.5329540833872758,0.024869245095556547,8.837609940009168,-22.990696459811808,1
UDR,2012,6,1.596182481387217e-10,-0.002316481968516526,64575300.0,28,1.6223809523809525,21.130952290126256,0.5329540833872758,0.024869245095556547,8.837609940009168,-22.55823610074,1
UDR,2012,7,1.2663634899748692e-10,0.03850208271826583,44084800.0,29,1.5266666666666668,17.565238180614653,0.5329540833872758,0.024869245095556547,8.837609940009168,-22.789701530544853,1
UDR,2012,8,1.325858312932693e-10,-0.051105657439650565,40957900.0,35,1.6782608695652175,15.689565119536027,0.5329540833872758,0.024869245095556547,8.837609940009168,-22.74379089687791,1
UDR,2012,9,1.0728958386687316e-10,-0.017029554787912904,49997900.0,37,1.7231578947368422,15.284736834074321,0.5329540833872758,0.024869245095556547,8.837609940009168,-22.955489545870012,1
UDR,2012,10,1.7865982867030595e-10,-0.013256378039005479,42801500.0,40,1.7461904761904763,16.276190576099214,0.5329540833872758,0.024869245095556547,8.837609940009168,-22.44553751662595,1
UDR,2012,11,2.0544282818908376e-10,-0.05191490872246163,43924400.0,41,1.654,16.70190484183175,0.5329540833872758,0.024869245095556547,8.837609940009168,-22.305853329025002,1
UDR,2012,12,1.5474048606226342e-10,0.033463547147697836,38584800.0,45,1.719,17.306999826431273,0.5329540833872758,0.024869245095556547,8.837609940009168,-22.589271685657568,1
UDR,2013,1,9.691609543977333e-11,0.013820649824888731,44535900.0,47,1.9147619047619049,13.505238124302455,0.5549023594089183,-0.011727791892265804,8.825812835106893,-23.057175507215874,1
UDR,2013,2,1.3711396289837342e-10,-0.0012562132720864705,52342800.0,47,1.9842105263157896,14.07263163516396,0.5549023594089183,-0.011727791892265804,8.825812835106893,-22.710208689919007,1
UDR,2013,3,1.387430699468612e-10,0.013829037241323894,36757200.0,46,1.9575,13.031500005722046,0.5549023594089183,-0.011727791892265804,8.825812835106893,-22.698397310878292,1
UDR,2013,4,2.56697452239008e-10,0.025759571199509335,29455000.0,44,1.7590909090909093,13.967272715135055,0.5549023594089183,-0.011727791892265804,8.825812835106893,-22.083122953153268,1
UDR,2013,5,1.7525289967025087e-10,-0.008541289318788392,48056100.0,41,1.9281818181818182,13.493636304681951,0.5549023594089183,-0.011727791892265804,8.825812835106893,-22.46479104424345,1
UDR,2013,6,2.647621453512571e-10,0.045955933001645244,45152400.0,44,2.3,17.271499919891358,0.5549023594089183,-0.011727791892265804,8.825812835106893,-22.052189257706964,1
UDR,2013,7,2.1833471492031043e-10,-0.008537935342028957,36034700.0,51,2.5822727272727275,13.97454565221613,0.5549023594089183,-0.011727791892265804,8.825812835106893,-22.24499184110214,1
UDR,2013,8,2.628104734918877e-10,-0.09784063490087302,35948700.0,56,2.7372727272727273,14.209999908100475,0.5549023594089183,-0.011727791892265804,8.825812835106893,-22.05958797664233,1
UDR,2013,9,3.1228161194602363e-10,0.04913590869544615,32527600.0,58,2.8095,14.692000102996825,0.5549023594089183,-0.011727791892265804,8.825812835106893,-21.887115732828555,1
UDR,2013,10,2.554002667427761e-10,0.0573778241293168,34926900.0,57,2.6159090909090907,15.407826050468113,0.5549023594089183,-0.011727791892265804,8.825812835106893,-22.088189127918845,1
UDR,2013,11,3.18489478341687e-10,-0.062072617534723484,22396700.0,54,2.718421052631579,12.923999977111816,0.5549023594089183,-0.011727791892265804,8.825812835106893,-21.867431676495947,1
UDR,2013,12,1.868368073188643e-10,0.00343766569241466,35811400.0,54,2.901904761904762,14.192380905151367,0.5549023594089183,-0.011727791892265804,8.825812835106893,-22.400785568222354,1
UDR,2014,1,2.3037974493121002e-10,0.052898018252016454,34098100.0,57,2.858095238095238,14.240952400934129,0.5591302109943513,0.00570117287398042,8.831497817801,-22.19129210359631,1
UDR,2014,2,1.1796027745217544e-10,0.06039642391217903,41390600.0,56,2.709473684210526,15.470000116448654,0.5591302109943513,0.00570117287398042,8.831497817801,-22.860673179897297,1
UDR,2014,3,2.3280638048098598e-10,0.0007751824900710247,31241409.0,46,2.723333333333333,14.836666742960611,0.5591302109943513,0.00570117287398042,8.831497817801,-22.180813992882474,1
UDR,2014,4,1.8620409235705853e-10,0.011322472977281173,29229892.0,46,2.705238095238095,14.198095321655273,0.5591302109943513,0.00570117287398042,8.831497817801,-22.404177773039997,1
UDR,2014,5,1.1035464903696705e-10,0.06419230672863918,35190485.0,46,2.559047619047619,12.475238028026762,0.5591302109943513,0.00570117287398042,8.831497817801,-22.92732185419057,1
UDR,2014,6,1.6086872070781477e-10,0.040333723491833284,26341985.0,45,2.5985714285714288,11.541428565979004,0.5591302109943513,0.00570117287398042,8.831497817801,-22.550432482893285,1
UDR,2014,7,1.8056706341546717e-10,0.024997754706033826,24493877.0,49,2.5422727272727275,12.296363613822244,0.5591302109943513,0.00570117287398042,8.831497817801,-22.434918864692463,1
UDR,2014,8,1.3321516406824432e-10,0.028884619158106917,23026528.0,53,2.42,13.497142927987236,0.5591302109943513,0.00570117287398042,8.831497817801,-22.739055519945847,1
UDR,2014,9,2.1044834427152357e-10,-0.08923691607472095,29098639.0,55,2.5342857142857143,13.466666630336217,0.5591302109943513,0.00570117287398042,8.831497817801,-22.28178088830517,1
UDR,2014,10,1.6817383858342086e-10,0.11973219371748489,38559940.0,59,2.304090909090909,18.01608711740245,0.5591302109943513,0.00570117287398042,8.831497817801,-22.506022918040898,1
UDR,2014,11,1.9536766337695703e-10,0.018193063746062776,24394690.0,54,2.3255555555555554,13.41315786462081,0.5591302109943513,0.00570117287398042,8.831497817801,-22.356137879385486,1
UDR,2014,12,1.9656038563049322e-10,0.0012996736920507512,30161905.0,58,2.2072727272727275,16.3118182962591,0.5591302109943513,0.00570117287398042,8.831497817801,-22.350051425820453,1
UDR,2015,1,1.6864609341381927e-10,0.0879645958216746,40876573.0,58,1.8815000000000002,19.119499969482423,0.49802644730242424,0.11937573084424913,8.944268964537478,-22.50321871855624,1
UDR,2015,2,1.9791531959188326e-10,-0.03968801229857866,33202655.0,57,1.9752631578947368,15.904210492184287,0.49802644730242424,0.11937573084424913,8.944268964537478,-22.34318185554356,1
UDR,2015,3,1.5806798816440324e-10,0.06543447760446641,46239976.0,55,2.0427272727272725,14.812727277929133,0.49802644730242424,0.11937573084424913,8.944268964537478,-22.567995870618162,1
UDR,2015,4,1.8820262762925682e-10,-0.028861304676063182,30932575.0,52,1.935,13.494761875697545,0.49802644730242424,0.11937573084424913,8.944268964537478,-22.39350192697645,1
UDR,2015,5,2.396444981599823e-10,-0.0064093356036709626,29630199.0,56,2.1975000000000002,13.3385000705719,0.49802644730242424,0.11937573084424913,8.944268964537478,-22.151864548399995,1
UDR,2015,6,1.456737275859453e-10,-0.016277026764103475,42229628.0,54,2.3636363636363638,14.33954551003196,0.49802644730242424,0.11937573084424913,8.944268964537478,-22.649651737545792,1
UDR,2015,7,9.878720581695149e-11,0.06442219291759899,35935842.0,60,2.3245454545454547,14.35272723978216,0.49802644730242424,0.11937573084424913,8.944268964537478,-23.038053015339873,1
UDR,2015,8,1.6978672132433062e-10,-0.044660397979180866,42985134.0,60,2.1671428571428573,19.42809536343529,0.49802644730242424,0.11937573084424913,8.944268964537478,-22.496478046968292,1
UDR,2015,9,2.419039461170885e-10,0.06749322279042413,33101787.0,61,2.172857142857143,24.3771428607759,0.49802644730242424,0.11937573084424913,8.944268964537478,-22.14248038543575,1
UDR,2015,10,1.628892870048621e-10,0.007319462017244094,37140458.0,61,2.07,16.789545449343596,0.49802644730242424,0.11937573084424913,8.944268964537478,-22.537950366725823,1
UDR,2015,11,2.289194046631554e-10,0.07109625775763972,33846787.0,65,2.263157894736842,16.209999990463256,0.49802644730242424,0.11937573084424913,8.944268964537478,-22.19765111902376,1
UDR,2015,12,1.8590529646588645e-10,0.017879727215357244,33342253.0,62,2.2427272727272727,18.02545473792336,0.49802644730242424,0.11937573084424913,8.944268964537478,-22.405783730666254,1
UDR,2016,1,2.2101753397373305e-10,-0.045494601844688565,34982762.0,60,2.0852631578947367,23.717894805105107,0.4782983036581148,0.002053799633708664,8.946320658007984,-22.232779078310326,1
UDR,2016,2,2.352315086686479e-10,-0.03540257859219187,37706519.0,61,1.7795,22.516999816894533,0.4782983036581148,0.002053799633708664,8.946320658007984,-22.170450943448717,1
UDR,2016,3,1.807987989947411e-10,0.12234239989648898,95802985.0,58,1.8890909090909092,15.849090966311367,0.4782983036581148,0.002053799633708664,8.946320658007984,-22.433636310720736,1
UDR,2016,4,1.665895043764545e-10,-0.08660133831000316,38002401.0,58,1.805238095238095,14.300476255871,0.4782983036581148,0.002053799633708664,8.946320658007984,-22.51548838712117,1
UDR,2016,5,1.778038386421773e-10,0.03178853941691018,30558537.0,58,1.8061904761904761,14.852857044764928,0.4782983036581148,0.002053799633708664,8.946320658007984,-22.450340203418257,1
UDR,2016,6,1.1768653369169406e-10,0.024702498269919992,51579270.0,58,1.6440909090909093,17.774545496160332,0.4782983036581148,0.002053799633708664,8.946320658007984,-22.862996520343025,1
UDR,2016,7,1.3655512268914054e-10,0.016522388543667388,31741844.0,60,1.504,13.158500051498413,0.4782983036581148,0.002053799633708664,8.946320658007984,-22.714292753596137,1
UDR,2016,8,1.2237904967752175e-10,-0.02820269441416734,33064648.0,58,1.556521739130435,12.399565240611201,0.4782983036581148,0.002053799633708664,8.946320658007984,-22.823897923265687,1
UDR,2016,9,1.9359227034469969e-10,-0.005250753631108829,36632017.0,59,1.6304761904761906,14.219523793175107,0.4782983036581148,0.002053799633708664,8.946320658007984,-22.36526686778861,1
UDR,2016,10,1.6247511089322175e-10,-0.019844305952767316,34107184.0,65,1.7645,14.58523804800851,0.4782983036581148,0.002053799633708664,8.946320658007984,-22.540496289623537,1
UDR,2016,11,1.6851850271503522e-10,-0.026594492609447018,40438539.0,63,2.1420000000000003,15.236190387180873,0.4782983036581148,0.002053799633708664,8.946320658007984,-22.503975563766797,1
UDR,2016,12,1.5483284472811858e-10,0.07167695129086638,32823570.0,63,2.491904761904762,12.472380956013998,0.4782983036581148,0.002053799633708664,8.946320658007984,-22.588675002032662,1
UDR,2017,1,1.5946070028315682e-10,-0.03418286945537208,32664122.0,69,2.4325,11.608500003814697,0.5107502347324347,0.006991133894752588,8.95328746723172,-22.55922361727249,1
UDR,2017,2,1.5093726821499595e-10,0.04434903381171451,27855559.0,67,2.4189473684210525,11.530526361967388,0.5107502347324347,0.006991133894752588,8.95328746723172,-22.614156807718473,1
UDR,2017,3,1.2176371980465742e-10,-0.006575416151075819,31111096.0,65,2.4817391304347827,11.897826111834982,0.5107502347324347,0.006991133894752588,8.95328746723172,-22.82893867198076,1
UDR,2017,4,1.4499558975350242e-10,0.03864350090038848,24348963.0,71,2.2973684210526315,13.136315847698011,0.5107502347324347,0.006991133894752588,8.95328746723172,-22.654317789463622,1
UDR,2017,5,9.219749860792171e-11,0.03401194773022587,29590887.0,68,2.3036363636363637,10.862272782759232,0.5107502347324347,0.006991133894752588,8.95328746723172,-23.107088115799954,1
UDR,2017,6,1.3919925700097238e-10,0.009325962571525181,29694396.0,69,2.186818181818182,10.513636328957297,0.5107502347324347,0.006991133894752588,8.95328746723172,-22.695114705679167,1
UDR,2017,7,2.0492293345920527e-10,0.01124699165220644,23486586.0,66,2.318,10.264499998092651,0.5107502347324347,0.006991133894752588,8.95328746723172,-22.30838714181651,1
UDR,2017,8,1.0849595088979337e-10,-0.006906055521382348,28216288.0,64,2.2091304347826086,11.97565215566884,0.5107502347324347,0.006991133894752588,8.95328746723172,-22.944308262632486,1
UDR,2017,9,1.0079938357199859e-10,-0.020350317959645703,26037982.0,67,2.202,10.437999963760376,0.5107502347324347,0.006991133894752588,8.95328746723172,-23.017888875667136,1
UDR,2017,10,9.796097105781262e-11,0.028270512104331624,26977896.0,64,2.3600000000000003,10.125454512509434,0.5107502347324347,0.006991133894752588,8.95328746723172,-23.04645197109448,1
UDR,2017,11,1.0082821042706079e-10,0.01392281420526209,36054353.0,68,2.3533333333333335,10.540476163228353,0.5107502347324347,0.006991133894752588,8.95328746723172,-23.017602934098456,1
UDR,2017,12,1.1303043935331748e-10,-0.020593003623625594,28123052.0,69,2.4025,10.264500045776368,0.5107502347324347,0.006991133894752588,8.95328746723172,-22.903363958682966,1
UDR,2018,1,1.57652761711199e-10,-0.0437027039203538,31305638.0,74,2.583809523809524,11.062381017775763,0.4948580914679563,-0.0027860131150161394,8.950497565958846,-22.57062621210044,1
UDR,2018,2,2.1461252764157378e-10,-0.07966122770523754,37243039.0,72,2.8589473684210525,22.464736637316253,0.4948580914679563,-0.0027860131150161394,8.950497565958846,-22.262186910727632,1
UDR,2018,3,1.5745931876171022e-10,0.0594885834569816,33147512.0,71,2.8423809523809522,19.023809750874836,0.4948580914679563,-0.0027860131150161394,8.950497565958846,-22.571853984602836,1
UDR,2018,4,1.4326953980880023e-10,0.02404440708693434,29266674.0,70,2.869047619047619,18.26761904216948,0.4948580914679563,-0.0027860131150161394,8.950497565958846,-22.666293366083984,1
UDR,2018,5,1.5764326012733663e-10,0.00885060813560612,28847265.0,68,2.977727272727273,14.124545487490566,0.4948580914679563,-0.0027860131150161394,8.950497565958846,-22.570686482977372,1
UDR,2018,6,1.1918532180428566e-10,0.02933614846562449,35132347.0,70,2.9123809523809525,13.678095318022228,0.4948580914679563,-0.0027860131150161394,8.950497565958846,-22.85034150810535,1
UDR,2018,7,1.3012293823870632e-10,0.033926282518033535,29313018.0,68,2.889047619047619,13.147619065784273,0.4948580914679563,-0.0027860131150161394,8.950497565958846,-22.762541433586133,1
UDR,2018,8,1.3290444540778624e-10,0.038718701845231074,27635396.0,68,2.889130434782609,12.546956518422002,0.4948580914679563,-0.0027860131150161394,8.950497565958846,-22.741390701500244,1
UDR,2018,9,1.33308009347256e-10,0.011509742319315341,29940694.0,67,3.004210526315789,12.910526325828151,0.4948580914679563,-0.0027860131150161394,8.950497565958846,-22.73835880542322,1
UDR,2018,10,1.7016233903278323e-10,-0.022916314003507243,39796502.0,67,3.152272727272727,19.352173639380414,0.4948580914679563,-0.0027860131150161394,8.950497565958846,-22.494268199052158,1
UDR,2018,11,1.1654017726004086e-10,0.08752336864152244,32906734.0,68,3.117,19.389047622680664,0.4948580914679563,-0.0027860131150161394,8.950497565958846,-22.8727850331916,1
UDR,2018,12,1.5725786246528315e-10,-0.07038991942157335,51304946.0,60,2.8326315789473684,24.953157726087067,0.4948580914679563,-0.0027860131150161394,8.950497565958846,-22.57313422181872,1
UDR,2019,1,1.411242228532016e-10,0.11334654854470294,33273903.0,56,2.713809523809524,19.57238079252697,0.5425733608731494,0.24958660367689323,9.173310345515624,-22.681380600271392,1
UDR,2019,2,8.201346670273917e-11,0.01531220127860089,28613455.0,58,2.6763157894736844,15.234736844112998,0.5425733608731494,0.24958660367689323,9.173310345515624,-23.224137654066066,1
UDR,2019,3,6.785608901297122e-11,0.023413389817804164,31808406.0,62,2.570952380952381,14.485238075256348,0.5425733608731494,0.24958660367689323,9.173310345515624,-23.413631991404976,1
UDR,2019,4,1.8684921202044914e-10,-0.003708755361176541,23888079.0,62,2.532380952380952,12.949047588166737,0.5425733608731494,0.24958660367689323,9.173310345515624,-22.4007191771831,1
UDR,2019,5,1.4593049740785508e-10,-0.003782175127398535,24790316.0,63,2.395,16.721818056973543,0.5425733608731494,0.24958660367689323,9.173310345515624,-22.647890652717354,1
UDR,2019,6,1.2045178927943547e-10,0.00245721557793388,28125789.0,66,2.074,15.835999870300293,0.5425733608731494,0.24958660367689323,9.173310345515624,-22.839771532022123,1
UDR,2019,7,1.2305934928101194e-10,0.03359603577773118,28187691.0,64,2.059090909090909,13.30590907010165,0.5425733608731494,0.24958660367689323,9.173310345515624,-22.81835436244904,1
UDR,2019,8,1.183499668495578e-10,0.04602778444450695,39389727.0,65,1.6263636363636365,18.979090907356955,0.5425733608731494,0.24958660367689323,9.173310345515624,-22.857375060073725,1
UDR,2019,9,8.106929800344748e-11,0.006225093705112927,35652828.0,67,1.6995,15.558999872207641,0.5425733608731494,0.24958660367689323,9.173310345515624,-23.23571679610732,1
UDR,2019,10,7.350636960894948e-11,0.043827923110618894,40146634.0,68,1.7068181818181818,15.466521760691768,0.5425733608731494,0.24958660367689323,9.173310345515624,-23.333649052118382,1
UDR,2019,11,1.1298220215713862e-10,-0.04378057337743191,27741714.0,71,1.8121052631578947,12.523499965667725,0.5425733608731494,0.24958660367689323,9.173310345515624,-22.903790812655284,1
UDR,2019,12,1.0275203779785419e-10,-0.02809689363627821,32345682.0,71,1.8628571428571428,13.756666637602306,0.5425733608731494,0.24958660367689323,9.173310345515624,-22.998702430166343,1
UDR,2020,1,1.0066012293683355e-10,0.03360631517542689,29833548.0,76,1.7576190476190479,13.94095243726458,0.5730354438215672,0.00011010253545062909,9.173420441990237,-23.019271393273375,1
UDR,2020,2,1.0426209350331197e-10,-0.06115435510383249,35826399.0,75,1.5042105263157897,19.628947358382376,0.5730354438215672,0.00011010253545062909,9.173420441990237,-22.984113257149744,1
UDR,2020,3,4.701371562818533e-10,-0.1876386454212602,65950381.0,74,0.87,57.7368184002963,0.5730354438215672,0.00011010253545062909,9.173420441990237,-21.477996641919884,1
UDR,2020,4,4.50300916092977e-10,0.03500033397445801,48893531.0,72,0.6576190476190477,41.45380964733305,0.5730354438215672,0.00011010253545062909,9.173420441990237,-21.52110505421719,1
UDR,2020,5,2.731163796640416e-10,-0.013078340172079206,48952529.0,30,0.674,30.89700002670288,0.5730354438215672,0.00011010253545062909,9.173420441990237,-22.021123112447565,1
UDR,2020,6,2.978670125032794e-10,0.01081865101464441,48822958.0,37,0.7286363636363636,31.11954550309615,0.5730354438215672,0.00011010253545062909,9.173420441990237,-21.934373995797312,1
UDR,2020,7,2.3532779569513736e-10,-0.021876635821906132,35311784.0,58,0.6236363636363637,26.840454621748492,0.5730354438215672,0.00011010253545062909,9.173420441990237,-22.170041698420768,1
UDR,2020,8,2.2158430346091068e-10,-0.03839619226411484,29502302.0,72,0.65,22.88952382405599,0.5730354438215672,0.00011010253545062909,9.173420441990237,-22.2302179963218,1
UDR,2020,9,2.094821054431548e-10,-0.06319830008753025,48050308.0,78,0.6795238095238095,27.647619065784273,0.5730354438215672,0.00011010253545062909,9.173420441990237,-22.28638279576027,1
UDR,2020,10,2.376874251477678e-10,-0.032363281169575986,46942033.0,83,0.7871428571428571,29.438636086203836,0.5730354438215672,0.00011010253545062909,9.173420441990237,-22.160064645158794,1
UDR,2020,11,2.7742673441081463e-10,0.2314358509564911,52225201.0,85,0.8700000000000001,24.995500087738037,0.5730354438215672,0.00011010253545062909,9.173420441990237,-22.00546423774272,1
UDR,2020,12,2.35303258491007e-10,-0.0010384460235139947,41171482.0,90,0.9336363636363636,22.374090974981133,0.5730354438215672,0.00011010253545062909,9.173420441990237,-22.170145972050545,1
UDR,2021,1,2.2304789910349772e-10,0.010156726620752954,32470360.0,86,1.0810526315789473,24.90999984741211,0.5569699736989129,0.1180475335337372,9.285004332396921,-22.223634573347308,1
UDR,2021,2,1.7244874812672025e-10,0.07074014148339214,32711685.0,83,1.2578947368421052,23.140526219418174,0.5569699736989129,0.1180475335337372,9.285004332396921,-22.48092103591261,1
UDR,2021,3,1.2965928591682423e-10,0.06533911189465846,49466558.0,84,1.6108695652173912,21.843043534652047,0.5569699736989129,0.1180475335337372,9.285004332396921,-22.766110983548213,1
UDR,2021,4,9.449178696072597e-11,0.06778043378029674,39492730.0,82,1.635,17.416190556117467,0.5569699736989129,0.1180475335337372,9.285004332396921,-23.082508195674293,1
UDR,2021,5,1.374441921721363e-10,0.025403727074313487,32350882.0,83,1.621,19.7604998588562,0.5569699736989129,0.1180475335337372,9.285004332396921,-22.707803156323255,1
UDR,2021,6,8.57368646771439e-11,0.028342239511577105,42397925.0,83,1.5190909090909093,16.956818147139117,0.5569699736989129,0.1180475335337372,9.285004332396921,-23.17973822322365,1
UDR,2021,7,7.626620268899016e-11,0.13053513442987308,48806196.0,81,1.3185714285714287,17.60333351861863,0.5569699736989129,0.1180475335337372,9.285004332396921,-23.2967912287329,1
UDR,2021,8,7.603126993856976e-11,-0.017639619531476747,35372974.0,80,1.2831818181818182,17.47772723978216,0.5569699736989129,0.1180475335337372,9.285004332396921,-23.299876413703014,1
UDR,2021,9,9.307580900114061e-11,-0.019252890994244543,45229501.0,75,1.3747619047619049,19.8247617994036,0.5569699736989129,0.1180475335337372,9.285004332396921,-23.097606804280165,1
UDR,2021,10,1.1984412919867423e-10,0.05522839787387057,30217121.0,76,1.5825,17.869047573634557,0.5569699736989129,0.1180475335337372,9.285004332396921,-22.844829140823038,1
UDR,2021,11,1.5343316587403033e-10,0.021610769890127557,34367551.0,80,1.5595,18.500476246788388,0.5569699736989129,0.1180475335337372,9.285004332396921,-22.597756045188156,1
UDR,2021,12,1.1675969764776474e-10,0.057464404734590024,42764997.0,83,1.4649999999999999,21.354545506564055,0.5569699736989129,0.1180475335337372,9.285004332396921,-22.87090315946496,1
UDR,2022,1,1.2575990101424793e-10,-0.046608217546469044,26638238.0,84,1.764,23.18100004196167,0.5526422592986165,0.024431055700022908,9.309141723270505,-22.796646574348408,1
UDR,2022,2,1.3489271507864428e-10,-0.03466137971871264,35880866.0,83,1.9342105263157894,25.74842111687911,0.5526422592986165,0.024431055700022908,9.309141723270505,-22.726541356555195,1
UDR,2022,3,1.2761694128222847e-10,0.045562395032093805,45012287.0,81,2.1278260869565218,26.968695682028066,0.5526422592986165,0.024431055700022908,9.309141723270505,-22.781987985161336,1
UDR,2022,4,1.3530751604999313e-10,-0.06651304086636178,33173055.0,79,2.7475,24.37350015640259,0.5526422592986165,0.024431055700022908,9.309141723270505,-22.723471031296974,1
UDR,2022,5,1.7468406989743154e-10,-0.10167323741576073,39595691.0,77,2.8980952380952383,29.445714587257022,0.5526422592986165,0.024431055700022908,9.309141723270505,-22.468042088421676,1
UDR,2022,6,1.3275220575593635e-10,-0.036822552766987426,50528867.0,69,3.1433333333333335,28.100000018165225,0.5526422592986165,0.024431055700022908,9.309141723270505,-22.742536840080614,1
UDR,2022,7,9.748372121045436e-11,0.06017509538389709,37873275.0,67,2.896,24.86850004196167,0.5526422592986165,0.024431055700022908,9.309141723270505,-23.051335713808502,1
UDR,2022,8,1.7320361598338354e-10,-0.07293367753775115,39188266.0,55,2.8978260869565218,22.169565366662066,0.5526422592986165,0.024431055700022908,9.309141723270505,-22.47655324251593,1
UDR,2022,9,1.4675132425658336e-10,-0.07042566444917275,55299429.0,49,3.5190476190476194,27.406190418061755,0.5526422592986165,0.024431055700022908,9.309141723270505,-22.64228163336611,1
UDR,2022,10,1.8874278152993244e-10,-0.037227163922046835,54053342.0,46,3.9835000000000003,30.005714416503906,0.5526422592986165,0.024431055700022908,9.309141723270505,-22.390635972080744,1
UDR,2022,11,1.559913051478067e-10,0.04300951504506689,48385974.0,38,3.8909999999999996,23.436190650576638,0.5526422592986165,0.024431055700022908,9.309141723270505,-22.58122084646434,1
UDR,2022,12,1.6055352879718086e-10,-0.06607298634492764,46741723.0,33,3.616190476190476,21.784285681588308,0.5526422592986165,0.024431055700022908,9.309141723270505,-22.552393716206474,1
UDR,2023,1,1.650372932604395e-10,0.11046144781307765,48875570.0,31,3.5315,20.202999973297118,0.5645532733762282,0.030327753755728937,9.339018682424605,-22.524849647806345,1
UDR,2023,2,1.1677667349521155e-10,0.005869824097705534,49965188.0,35,3.7468421052631578,20.06210537960655,0.5645532733762282,0.030327753755728937,9.339018682424605,-22.87075777870569,1
UDR,2023,3,1.6443646255895925e-10,-0.041550149629582256,58940363.0,42,3.6630434782608696,21.644347895746645,0.5645532733762282,0.030327753755728937,9.339018682424605,-22.528496866177452,1
UDR,2023,4,6.863806473599221e-11,0.01696863469738541,46105472.0,44,3.46,17.8178946344476,0.5645532733762282,0.030327753755728937,9.339018682424605,-23.402173855552018,1
UDR,2023,5,1.0525157002249914e-10,-0.040166173851466036,45818127.0,45,3.5736363636363637,17.64409099925648,0.5645532733762282,0.030327753755728937,9.339018682424605,-22.974667726398938,1
UDR,2023,6,1.3902513251843934e-10,0.08293413016344986,47134634.0,50,3.7480952380952384,13.994285628909157,0.5645532733762282,0.030327753755728937,9.339018682424605,-22.696366389656745,1
UDR,2023,7,1.1786602476022032e-10,-0.03904466708992271,38261174.0,55,3.8994999999999997,13.943999910354615,0.5645532733762282,0.030327753755728937,9.339018682424605,-22.861472519886853,1
UDR,2023,8,1.019684826884137e-10,-0.023971660154410546,49363737.0,56,4.167826086956522,15.853912975477135,0.5645532733762282,0.030327753755728937,9.339018682424605,-23.006357343643373,1
UDR,2023,9,1.0663316413172431e-10,-0.10601658950803128,42319220.0,50,4.379,15.241000032424926,0.5645532733762282,0.030327753755728937,9.339018682424605,-22.96162654440339,1
UDR,2023,10,1.6158438978404513e-10,-0.0977481173524215,61848263.0,44,4.798095238095239,18.887727303938433,0.5645532733762282,0.030327753755728937,9.339018682424605,-22.545993572378435,1
UDR,2023,11,1.7776745778551906e-10,0.049983146448243865,59341568.0,40,4.502857142857143,14.077142897106352,0.5645532733762282,0.030327753755728937,9.339018682424605,-22.450544836678315,1
UDR,2023,12,1.2646784271248947e-10,0.14640623273706455,61453118.0,34,4.0200000000000005,12.718499994277954,0.5645532733762282,0.030327753755728937,9.339018682424605,-22.791033047883662,1
UDR,2024,1,7.515315101206776e-11,-0.04892229805898585,70572277.0,37,4.058095238095238,13.395238149733771,0.5906529207477693,-0.041822375713099325,9.296296575799692,-23.311493070973622,1
UDR,2024,2,1.123597858896306e-10,-0.014438197695961219,59926148.0,44,4.2075000000000005,13.944000101089477,0.5906529207477693,-0.041822375713099325,9.296296575799692,-22.909315019268988,1
UDR,2024,3,1.284595215226521e-10,0.05380232347793856,53415160.0,48,4.2085,13.787499904632568,0.5906529207477693,-0.041822375713099325,9.296296575799692,-22.775407268824413,1
UDR,2024,4,1.1895315314332514e-10,0.02933353192146848,60618448.0,51,4.539090909090909,16.137727087194268,0.5906529207477693,-0.041822375713099325,9.296296575799692,-22.852291371390308,1
UDR,2024,5,1.1647011158374325e-10,0.014178489590756183,52351401.0,51,4.482272727272727,13.090454535050826,0.5906529207477693,-0.041822375713099325,9.296296575799692,-22.87338642876737,1
UDR,2024,6,9.320200590963231e-11,0.06550995539877769,38844644.0,45,4.3052631578947365,12.676842037000155,0.5906529207477693,-0.041822375713099325,9.296296575799692,-23.096251871833072,1
UDR,2024,7,8.415687980340431e-11,-0.01606284494962318,54411662.0,43,4.248636363636364,14.470000050284646,0.5906529207477693,-0.041822375713099325,9.296296575799692,-23.19833844220575,1
UDR,2024,8,1.0034270648341187e-10,0.11080532110834485,43983657.0,41,3.8709090909090906,19.31227272207087,0.5906529207477693,-0.041822375713099325,9.296296575799692,-23.02242972411072,1
UDR,2024,9,8.083166984503253e-11,0.018646592742808332,52459627.0,39,3.7235,17.768999814987183,0.5906529207477693,-0.041822375713099325,9.296296575799692,-23.238652273667586,1
UDR,2024,10,1.236841446391869e-10,-0.06036586982991665,41835460.0,41,4.095454545454545,19.96086958180303,0.5906529207477693,-0.041822375713099325,9.296296575799692,-22.813290020661373,1
UDR,2024,11,1.1709581576621454e-10,0.08698578067061336,43385833.0,43,4.35578947368421,16.121000051498413,0.5906529207477693,-0.041822375713099325,9.296296575799692,-22.86802857810492,1
UDR,2024,12,1.194448878981146e-10,-0.05342244340706381,35799326.0,46,4.3914285714285715,15.866190592447916,0.5906529207477693,-0.041822375713099325,9.296296575799692,-22.848166040074517,1
